CustomerID,Recency,Frequency,Monetary,Future_CLV
12346.0,225,1,77183.6,0.0
12347.0,29,5,2790.86,1519.14
12348.0,148,3,1487.24,310.0
12350.0,210,1,334.4,0.0
12352.0,162,5,1561.81,944.23
12353.0,104,1,89.0,0.0
12354.0,132,1,1079.4,0.0
12355.0,114,1,459.4,0.0
12356.0,145,2,2753.08,58.349999999999994
12358.0,50,1,484.86,683.2
12359.0,89,3,3495.73,2876.85
12360.0,12,2,1618.28,1043.78
12361.0,187,1,189.9,0.0
12362.0,20,4,1747.35,3478.88
12363.0,9,2,552.0,0.0
12364.0,12,1,623.92,689.18
12365.0,191,2,641.38,0.0
12370.0,174,3,2806.41,739.28
12372.0,112,2,914.9200000000001,383.12
12373.0,211,1,364.6,0.0
12377.0,215,2,1628.12,0.0
12378.0,29,1,4008.62,0.0
12379.0,70,1,459.84,392.40000000000003
12380.0,85,1,607.5500000000001,2117.26
12381.0,19,1,1268.74,576.57
12383.0,84,5,1850.56,0.0
12384.0,21,1,292.69,292.58
12386.0,237,2,401.9,0.0
12388.0,48,4,1668.3400000000001,1112.3200000000002
12393.0,145,3,1061.1000000000001,521.5
12394.0,117,1,381.08,891.4
12395.0,12,8,1899.57,1119.06
12397.0,35,1,1214.81,1195.09
12399.0,19,4,1108.65,0.0
12401.0,203,1,84.3,0.0
12402.0,223,1,225.6,0.0
12405.0,48,1,1710.39,0.0
12406.0,83,1,1621.25,1794.05
12407.0,34,4,1407.3600000000001,300.76
12408.0,75,3,1491.77,1396.78
12409.0,82,1,6207.08,4865.59
12410.0,208,2,693.3299999999999,0.0
12412.0,37,2,890.74,336.14
12413.0,136,2,563.9,194.20000000000002
12414.0,117,3,562.41,0.0
12415.0,13,13,99146.16,25768.37
12417.0,6,7,2816.52,832.58
12418.0,12,1,668.58,0.0
12421.0,14,3,628.56,178.48
12422.0,68,2,655.86,147.7
12423.0,0,7,1650.67,208.64000000000001
12424.0,62,2,1760.96,0.0
12426.0,94,1,582.73,0.0
12427.0,271,1,303.5,522.3
12428.0,20,8,7548.12,408.34000000000003
12429.0,72,3,2844.88,905.52
12431.0,19,11,4874.57,1612.88
12432.0,70,3,4016.66,1042.66
12433.0,266,2,3787.12,9588.75
12434.0,160,1,286.25,519.89
12435.0,167,1,3978.9900000000002,3850.9
12437.0,77,9,2476.73,2474.68
12438.0,40,1,890.0699999999999,2016.78
12441.0,266,1,173.55,0.0
12444.0,21,2,2627.27,2378.19
12447.0,143,1,476.49,0.0
12449.0,29,2,1636.88,2430.41
12450.0,56,2,197.88,0.0
12451.0,118,2,5307.82,3727.7
12453.0,34,1,707.09,0.0
12455.0,27,5,2176.36,290.5
12456.0,31,2,2265.4,915.64
12457.0,133,3,1067.25,1295.98
12458.0,184,1,441.92,505.48
12461.0,54,1,626.88,200.0
12462.0,203,1,762.11,427.48
12463.0,75,3,985.79,358.99
12464.0,6,6,780.55,431.5
12465.0,69,1,440.94,301.25
12468.0,87,2,729.5400000000001,0.0
12471.0,7,19,11116.4,8707.65
12472.0,38,5,4927.6,1644.51
12473.0,14,2,1186.25,2752.2999999999997
12474.0,37,12,3896.38,3479.41
12476.0,41,6,3191.67,3624.75
12477.0,0,3,8834.03,4385.71
12480.0,43,3,2144.95,1136.6799999999998
12481.0,79,8,4101.76,1494.56
12483.0,83,5,1314.6100000000001,1170.3700000000001
12484.0,0,4,3663.15,878.57
12489.0,236,1,334.93,0.0
12490.0,0,5,2516.77,2901.16
12492.0,5,1,126.39000000000001,136.82
12493.0,65,2,433.74,0.0
12494.0,61,5,868.86,377.24
12500.0,6,6,1773.8400000000001,2483.98
12501.0,236,1,2169.39,0.0
12502.0,27,4,2631.52,1092.35
12506.0,132,1,73.5,0.0
12507.0,34,3,1304.81,0.0
12509.0,184,1,176.5,0.0
12510.0,42,2,982.5699999999999,0.0
12513.0,12,1,612.29,0.0
12514.0,167,1,1017.68,0.0
12515.0,253,1,383.7,0.0
12516.0,80,1,583.2,728.86
12517.0,26,2,1538.7,964.14
12518.0,10,1,324.83,1732.06
12520.0,42,4,2045.85,588.41
12521.0,42,1,599.68,0.0
12523.0,7,7,1017.75,772.02
12524.0,62,6,3122.48,1363.24
12527.0,194,2,284.92,63.790000000000006
12528.0,14,4,1287.37,646.11
12530.0,23,3,1221.65,440.63
12534.0,30,1,1089.18,0.0
12535.0,86,1,371.45,344.9
12539.0,162,3,4517.69,1050.66
12540.0,7,10,8786.869999999999,4613.37
12541.0,73,2,536.14,445.03999999999996
12545.0,159,1,628.15,372.24
12547.0,97,2,207.79999999999998,0.0
12548.0,66,1,95.19999999999999,0.0
12551.0,257,1,168.0,0.0
12553.0,10,7,2419.59,1272.69
12556.0,51,1,312.9,290.81
12557.0,58,4,9000.960000000001,2990.0
12559.0,210,2,561.71,0.0
12560.0,12,2,1436.31,697.7
12561.0,202,1,238.85,0.0
12562.0,26,3,1605.23,2176.51
12564.0,161,1,456.9,0.0
12565.0,188,1,145.92,0.0
12567.0,8,8,6958.16,2443.12
12569.0,7,12,1883.02,2241.67
12571.0,21,1,248.35,271.26
12573.0,127,1,160.54000000000002,0.0
12574.0,215,1,218.45,0.0
12576.0,49,3,660.85,654.98
12577.0,259,1,195.89,461.91
12578.0,230,1,1608.66,1185.85
12580.0,146,1,415.7,0.0
12582.0,138,2,511.36,0.0
12583.0,6,9,4232.21,3049.17
12584.0,27,4,782.59,1555.56
12585.0,134,2,2040.1,0.0
12589.0,44,1,131.5,515.1800000000001
12590.0,111,2,9864.26,0.0
12591.0,217,1,452.84999999999997,0.0
12592.0,113,1,231.8,205.8
12593.0,8,3,418.09999999999997,0.0
12594.0,21,8,2529.9,808.32
12596.0,142,1,269.95,348.32
12597.0,83,2,1428.81,2382.41
12598.0,61,4,1584.3799999999999,1438.7
12599.0,26,6,857.04,175.54000000000002
12600.0,12,8,1936.5600000000002,662.48
12601.0,89,5,577.0600000000001,0.0
12604.0,161,1,178.5,75.68
12609.0,86,2,800.73,326.12
12610.0,6,2,1256.25,843.29
12613.0,97,4,1462.52,1881.8600000000001
12614.0,177,1,315.6,0.0
12615.0,68,1,634.74,1656.45
12616.0,197,1,255.6,457.7
12619.0,16,5,2087.46,1553.78
12620.0,104,1,561.66,777.75
12621.0,0,15,10195.04,3494.63
12622.0,132,1,180.1,0.0
12623.0,176,1,305.1,0.0
12624.0,6,2,641.13,0.0
12625.0,111,2,2683.82,0.0
12626.0,12,6,4774.0,1846.48
12627.0,8,4,1908.57,2569.96
12633.0,29,3,1948.75,215.23000000000002
12635.0,54,1,683.64,1005.54
12637.0,57,5,3054.1,2967.7999999999997
12639.0,138,1,486.1,0.0
12641.0,15,1,185.9,0.0
12642.0,7,1,366.45,646.81
12643.0,28,6,3344.64,0.0
12644.0,29,1,477.91,0.0
12645.0,9,3,1310.8600000000001,464.32
12647.0,26,9,2886.71,836.11
12648.0,54,1,318.05,0.0
12649.0,7,3,623.51,0.0
12651.0,234,1,114.0,0.0
12652.0,231,1,919.98,0.0
12653.0,48,2,2209.85,0.0
12654.0,97,3,337.75,264.23
12656.0,16,3,2820.67,1230.5
12662.0,7,7,2653.66,1196.1200000000001
12664.0,43,3,1957.48,2924.4
12665.0,224,1,63.0,0.0
12668.0,159,3,2924.4700000000003,882.6800000000001
12669.0,50,3,2744.0299999999997,0.0
12670.0,99,2,1026.3899999999999,1969.66
12672.0,229,1,225.89999999999998,0.0
12673.0,226,1,220.9,389.62
12674.0,70,2,976.8,993.8000000000001
12676.0,23,4,998.0500000000001,333.34000000000003
12678.0,0,9,8282.26,9346.2
12679.0,105,2,906.38,206.64000000000001
12680.0,13,1,311.78,551.03
12681.0,51,15,9866.58,3920.96
12682.0,0,20,8219.92,4068.3
12683.0,5,11,6217.88,2258.69
12684.0,70,4,1379.48,904.15
12686.0,271,1,89.14,0.0
12688.0,13,1,4873.8099999999995,0.0
12689.0,27,1,511.03,736.5799999999999
12690.0,105,1,389.01,0.0
12691.0,45,4,556.3,479.5
12693.0,27,4,855.91,0.0
12694.0,83,1,439.5,430.17
12695.0,7,2,333.90000000000003,248.2
12697.0,31,2,733.91,223.68
12700.0,56,2,2149.05,2790.94
12701.0,142,1,337.08,460.63
12704.0,5,3,1100.92,1239.92
12705.0,58,4,4162.52,2705.77
12707.0,191,1,603.42,0.0
12708.0,1,7,2031.77,681.14
12709.0,35,10,6469.11,3267.41
12710.0,61,2,790.36,358.66
12712.0,6,11,3913.08,483.05
12714.0,6,4,3389.7,1319.16
12715.0,6,1,353.86,0.0
12716.0,33,1,677.9,375.59000000000003
12717.0,51,2,1030.98,0.0
12720.0,24,15,3314.5,2467.23
12721.0,83,4,1698.91,957.22
12722.0,14,3,929.65,67.98
12724.0,73,2,280.36,751.0500000000001
12725.0,271,1,427.8,0.0
12726.0,84,5,1467.32,1141.78
12727.0,87,5,2800.4,1180.3
12728.0,157,3,617.31,219.01999999999998
12729.0,13,1,453.01,0.0
12731.0,44,8,11324.25,7571.66
12732.0,79,1,236.26000000000002,0.0
12733.0,134,1,383.95,0.0
12734.0,252,1,110.39999999999999,0.0
12735.0,215,2,779.5699999999999,0.0
12736.0,232,1,234.0,0.0
12738.0,272,1,155.35,0.0
12743.0,34,2,546.43,0.0
12744.0,44,5,14211.970000000001,7067.32
12747.0,9,8,2769.4,1426.6100000000001
12748.0,1,127,13568.55,20151.18
12749.0,30,3,2755.23,1335.65
12750.0,28,1,275.88,0.0
12753.0,35,5,16620.91,4808.48
12754.0,135,3,3010.74,0.0
12755.0,180,2,3811.95,0.0
12757.0,42,7,5281.08,2576.02
12758.0,16,2,2791.59,0.0
12759.0,71,2,1082.52,448.92
12763.0,38,2,494.08,0.0
12764.0,216,1,1693.88,0.0
12766.0,49,5,4952.1900000000005,2037.44
12769.0,138,1,1143.6,0.0
12770.0,110,1,1351.45,0.0
12775.0,89,4,1164.68,221.36
12778.0,83,4,492.06,330.17
12779.0,89,7,2999.41,981.95
12781.0,184,1,549.26,277.48
12782.0,49,4,2078.67,252.25
12785.0,264,1,311.95,0.0
12787.0,92,1,158.1,305.56
12790.0,92,1,324.92,0.0
12791.0,273,1,192.60000000000002,0.0
12792.0,156,1,400.53999999999996,0.0
12793.0,234,2,545.48,0.0
12797.0,265,1,254.03,0.0
12798.0,70,1,1607.04,5370.0
12802.0,86,1,427.58,0.0
12808.0,84,2,281.35,202.3
12809.0,77,1,489.31,0.0
12811.0,160,3,514.85,0.0
12814.0,1,1,125.92,0.0
12815.0,47,2,1063.46,0.0
12816.0,76,1,318.65000000000003,253.55
12817.0,181,1,166.04,0.0
12818.0,161,1,1542.08,0.0
12820.0,226,1,170.46,771.88
12821.0,114,1,92.72,0.0
12823.0,27,4,1224.0,535.5
12826.0,78,4,818.62,656.1
12828.0,12,2,338.2,680.51
12829.0,236,2,293.0,0.0
12830.0,34,4,5204.0,1610.64
12831.0,162,1,215.05,0.0
12833.0,45,1,417.38,0.0
12834.0,182,1,312.38,0.0
12836.0,37,3,2112.53,500.33000000000004
12837.0,73,1,134.1,0.0
12838.0,273,1,390.79,292.34000000000003
12839.0,13,8,2683.81,2907.61
12840.0,43,4,2726.77,0.0
12841.0,6,17,2851.44,1170.91
12842.0,208,1,310.73,808.26
12843.0,59,7,1692.31,9.95
12844.0,30,1,174.88,151.08
12845.0,167,4,354.09,0.0
12849.0,168,1,704.5,346.39
12852.0,194,1,311.55,0.0
12853.0,34,6,1957.1000000000001,0.0
12854.0,141,2,810.37,514.13
12855.0,272,1,38.1,0.0
12857.0,110,2,1106.4,0.0
12864.0,38,1,147.12,0.0
12865.0,23,1,981.38,586.85
12866.0,183,1,559.12,0.0
12867.0,65,5,2352.45,1684.37
12868.0,85,6,1607.0600000000002,0.0
12871.0,107,1,132.0,248.64
12872.0,226,2,599.97,0.0
12873.0,182,1,374.0,0.0
12875.0,43,2,343.2300000000001,0.0
12876.0,96,1,726.43,1491.59
12877.0,24,9,1059.23,476.54
12878.0,136,2,854.99,0.0
12881.0,175,1,298.0,0.0
12885.0,23,1,645.35,529.87
12886.0,119,1,775.0,603.4
12888.0,114,2,354.12,0.0
12891.0,85,3,331.0,0.0
12897.0,104,2,216.5,0.0
12901.0,8,19,11639.470000000001,6015.07
12902.0,164,1,138.68,0.0
12904.0,72,1,244.69,264.89
12908.0,76,2,750.0,0.0
12909.0,101,3,1528.37,650.3
12910.0,34,4,1486.9,1588.14
12913.0,182,3,866.39,1617.24
12915.0,48,2,363.65,0.0
12916.0,38,4,3006.15,0.0
12917.0,28,1,594.0,0.0
12919.0,16,3,441.65,893.54
12921.0,30,22,8924.55,7662.54
12922.0,61,1,405.38,0.0
12924.0,98,3,655.27,278.43
12928.0,47,3,1136.14,926.5600000000001
12929.0,211,1,117.85,0.0
12930.0,71,1,221.56,194.24
12931.0,1,11,32530.7,9525.26
12933.0,71,2,357.49,250.04
12935.0,9,4,1535.34,625.36
12937.0,97,2,428.23,1076.04
12939.0,38,4,7990.08,3591.72
12942.0,31,3,683.9,0.0
12944.0,254,1,286.95,317.56
12945.0,188,1,462.95,0.0
12947.0,43,6,1603.99,0.0
12948.0,5,4,1423.96,640.99
12949.0,14,7,3449.42,717.8
12951.0,73,5,751.78,312.29
12955.0,43,5,1346.9199999999998,3410.24
12956.0,206,1,108.07,0.0
12957.0,86,4,1715.29,2302.25
12962.0,13,1,170.54000000000002,95.85000000000001
12963.0,265,1,365.8,1490.83
12967.0,258,2,1660.9,0.0
12968.0,12,1,135.95,0.0
12970.0,222,2,23.8,428.44
12971.0,7,61,7854.76,3335.15
12974.0,97,1,144.8,0.0
12976.0,111,1,738.6,0.0
12977.0,56,1,39.239999999999995,0.0
12980.0,57,9,7374.900000000001,0.0
12981.0,33,1,187.18,185.04
12982.0,142,1,390.54,0.0
12987.0,97,1,304.3,254.4
12988.0,192,1,535.32,0.0
12989.0,57,8,4469.14,2454.9700000000003
12990.0,85,2,263.9,145.6
12991.0,12,1,303.56,200.2
12993.0,20,3,372.4,42.36000000000001
12994.0,20,2,645.47,328.95
12997.0,136,2,608.47,618.42
12999.0,96,3,455.88,0.0
13000.0,6,3,534.85,0.0
13001.0,58,11,8615.42,1203.3999999999999
13002.0,218,1,120.94999999999999,0.0
13003.0,5,3,149.05,0.0
13004.0,14,12,3785.09,1870.82
13005.0,73,2,513.7,0.0
13008.0,223,1,229.46999999999997,0.0
13011.0,272,1,50.550000000000004,0.0
13012.0,48,4,1012.3100000000001,649.53
13013.0,7,8,3382.79,1428.15
13014.0,13,5,2022.48,1443.8
13015.0,97,4,1763.04,1583.24
13016.0,23,1,425.25,364.64
13018.0,22,17,4788.85,2488.85
13021.0,66,4,1152.47,1463.91
13023.0,29,1,336.40000000000003,353.5
13026.0,120,2,243.71999999999997,731.64
13027.0,13,6,6912.0,0.0
13029.0,38,2,773.1999999999999,474.29999999999995
13030.0,268,1,427.74,371.74
13033.0,257,1,190.55,0.0
13034.0,269,1,165.86,476.90999999999997
13035.0,160,1,333.0,588.88
13037.0,38,3,881.07,0.0
13038.0,83,2,591.76,316.70000000000005
13043.0,173,1,516.42,0.0
13044.0,191,1,560.47,0.0
13046.0,166,1,197.72,431.59
13047.0,27,8,2682.01,555.53
13048.0,13,3,1375.05,460.86
13049.0,218,1,153.78,502.90000000000003
13050.0,6,13,4509.74,1327.12
13052.0,112,1,348.15000000000003,0.0
13055.0,113,1,344.86,869.55
13058.0,51,1,47.550000000000004,223.85
13059.0,149,1,183.4,0.0
13060.0,153,1,307.53,0.0
13062.0,91,1,346.98,0.0
13064.0,52,2,659.25,460.24
13065.0,273,1,205.86,0.0
13068.0,219,1,165.0,179.0
13069.0,19,19,3397.94,1038.18
13070.0,92,1,228.8,0.0
13072.0,166,1,177.15,0.0
13075.0,29,1,919.61,0.0
13077.0,190,3,577.44,151.83
13078.0,6,15,6917.150000000001,5710.79
13079.0,40,1,23.8,196.3
13080.0,79,1,58.08,0.0
13081.0,43,8,18870.12,9467.26
13082.0,26,9,3613.63,0.0
13085.0,57,2,416.08000000000004,0.0
13089.0,0,69,39010.65,19815.18
13090.0,36,9,4912.02,3998.8
13092.0,111,4,439.75,38.08
13093.0,175,8,7832.47,0.0
13094.0,29,10,1545.72,381.6
13097.0,22,8,4643.71,1366.71
13098.0,13,17,14468.08,14414.36
13101.0,134,1,101.19,0.0
13102.0,33,19,4961.7,1462.3899999999999
13104.0,33,3,376.44,722.04
13106.0,33,1,76.5,0.0
13107.0,75,2,935.22,596.4
13108.0,272,1,350.06,0.0
13109.0,57,1,369.85,416.69
13110.0,37,5,1042.24,446.43
13113.0,13,20,10787.06,1458.8999999999999
13115.0,84,1,878.55,1416.23
13116.0,38,1,501.14,0.0
13117.0,21,7,841.77,143.14
13118.0,108,3,799.7,398.11
13120.0,138,1,30.599999999999998,0.0
13121.0,169,1,283.73,0.0
13122.0,140,1,903.67,18.72
13124.0,152,2,2574.12,1292.21
13126.0,153,5,1077.42,1022.22
13131.0,87,1,324.9,748.4
13132.0,161,1,77.3,0.0
13133.0,173,2,109.8,0.0
13134.0,83,3,885.74,907.84
13135.0,96,1,3096.0,0.0
13136.0,42,3,1226.68,1380.93
13137.0,3,4,1457.75,2192.66
13138.0,33,3,489.45,472.94
13139.0,9,3,1710.94,3354.0
13140.0,8,3,423.72,0.0
13141.0,114,4,1401.03,987.72
13144.0,232,1,110.95,0.0
13145.0,27,2,413.8,204.72000000000003
13148.0,33,10,2789.87,917.25
13149.0,6,3,1132.62,543.4399999999999
13151.0,195,1,1257.8700000000001,0.0
13155.0,226,2,569.2,402.56
13157.0,41,3,873.1999999999999,868.02
13158.0,19,3,868.17,332.89
13159.0,6,2,851.59,586.26
13161.0,213,1,112.75,0.0
13162.0,22,4,1688.29,0.0
13165.0,251,1,354.64,666.84
13166.0,183,1,417.2,0.0
13167.0,30,2,417.55,373.78000000000003
13168.0,99,3,972.66,346.53000000000003
13169.0,152,1,505.2,207.68
13171.0,199,1,140.35,328.06
13173.0,267,1,165.94,187.71
13174.0,216,2,2108.27,708.76
13178.0,33,8,4391.7300000000005,1333.74
13183.0,1,6,2394.98,1562.8000000000002
13184.0,30,9,1504.44,196.85
13185.0,167,1,71.4,0.0
13186.0,28,1,988.34,587.5500000000001
13187.0,237,1,236.02,0.0
13189.0,15,1,127.0,133.68
13192.0,105,1,464.32,447.62
13194.0,35,1,60.7,0.0
13196.0,162,1,512.13,1285.65
13198.0,20,5,3009.18,392.06
13199.0,3,21,4553.84,5263.28
13200.0,26,1,319.32,550.77
13203.0,20,2,309.86,559.6
13207.0,50,1,197.52000000000004,52.739999999999995
13208.0,55,4,835.0699999999999,388.83
13209.0,28,5,4156.08,1735.53
13211.0,261,1,110.7,1086.72
13213.0,28,4,963.88,556.7
13216.0,167,1,333.74,0.0
13217.0,22,3,533.98,0.0
13218.0,27,1,62.63999999999999,0.0
13220.0,85,3,726.49,92.8
13221.0,140,2,847.41,0.0
13223.0,100,2,163.20000000000002,0.0
13224.0,51,1,1212.26,943.69
13225.0,43,5,4299.56,2164.28
13226.0,173,1,108.21000000000001,0.0
13227.0,101,1,257.7,0.0
13229.0,125,1,160.95,0.0
13230.0,38,12,2234.18,572.79
13232.0,80,4,878.45,479.15
13233.0,236,1,304.24,300.88
13235.0,112,1,1031.07,0.0
13236.0,6,1,439.23,305.62
13238.0,63,2,318.85,381.88
13239.0,161,1,329.56,0.0
13240.0,73,3,553.61,110.04
13242.0,12,3,270.40000000000003,0.0
13243.0,103,1,600.07,0.0
13246.0,76,5,1860.99,126.31
13248.0,24,2,465.68,0.0
13249.0,161,1,291.84000000000003,419.57000000000005
13253.0,56,2,1030.4,0.0
13255.0,273,1,225.7,173.81
13258.0,105,1,224.62,473.96
13261.0,168,2,944.1,0.0
13262.0,163,1,200.29,0.0
13263.0,8,23,4870.68,2583.39
13265.0,83,3,1465.66,642.0
13266.0,12,8,2535.58,1298.68
13267.0,10,14,2800.94,1720.55
13268.0,69,6,2150.25,1064.44
13269.0,9,8,2981.45,2364.78
13270.0,266,1,590.0,0.0
13273.0,13,1,138.98,0.0
13277.0,16,2,125.9,132.5
13280.0,22,3,814.86,0.0
13282.0,62,2,773.1,359.04
13283.0,85,1,25.5,68.16
13284.0,230,1,201.19,0.0
13285.0,61,3,1970.1,739.02
13291.0,55,1,361.11,0.0
13292.0,184,1,249.57,329.37
13294.0,89,2,873.74,0.0
13295.0,259,1,201.20000000000002,0.0
13296.0,37,1,87.4,0.0
13299.0,168,1,142.5,0.0
13300.0,69,1,371.89,0.0
13301.0,3,4,618.09,0.0
13302.0,55,1,63.75,0.0
13304.0,251,1,300.42,0.0
13305.0,15,6,1085.75,915.11
13307.0,20,1,15.0,0.0
13308.0,103,1,814.95,570.5600000000001
13309.0,106,2,546.64,910.15
13310.0,106,2,817.65,314.38
13311.0,50,1,490.11,108.46000000000001
13313.0,41,3,918.34,636.98
13316.0,31,2,3779.98,2197.75
13317.0,98,5,1313.98,959.7
13319.0,13,18,6897.070000000001,3948.48
13320.0,6,3,981.15,567.55
13324.0,103,7,3798.99,3322.96
13327.0,12,7,2738.75,889.02
13328.0,216,1,1308.48,0.0
13329.0,266,1,304.2,484.79999999999995
13330.0,85,2,728.22,412.71
13334.0,90,2,2731.84,804.98
13338.0,57,1,487.02,0.0
13339.0,100,1,860.12,0.0
13340.0,5,5,9229.54,1506.94
13341.0,160,1,775.85,0.0
13343.0,77,1,353.43,0.0
13344.0,177,1,1656.15,887.57
13345.0,187,1,389.5,0.0
13355.0,22,1,674.7,0.0
13357.0,157,1,609.95,0.0
13358.0,168,1,439.03,0.0
13362.0,145,2,1581.53,1509.21
13365.0,117,1,700.6,1524.77
13368.0,156,2,623.4,0.0
13369.0,265,1,308.28000000000003,0.0
13370.0,271,1,754.87,0.0
13373.0,58,2,2055.58,1256.67
13376.0,103,2,770.0,249.76
13379.0,36,1,136.29,436.27
13381.0,13,4,2461.33,1177.98
13382.0,180,1,222.99,0.0
13384.0,28,2,1755.84,2396.09
13385.0,229,1,534.57,0.0
13388.0,31,2,677.1,0.0
13389.0,132,1,257.89,540.07
13391.0,103,1,59.8,0.0
13394.0,15,5,1543.45,976.57
13395.0,85,1,307.72,0.0
13396.0,219,1,387.27000000000004,973.72
13397.0,10,4,1228.19,315.94
13398.0,92,1,457.34,0.0
13402.0,27,2,621.23,0.0
13404.0,112,1,217.81,34.68
13405.0,104,2,557.45,15.001
13408.0,6,40,17408.08,10708.960000000001
13410.0,87,3,545.04,458.02
13411.0,7,1,213.55,0.0
13414.0,33,3,1390.5,0.0
13417.0,105,1,236.0,404.83
13418.0,24,14,4342.13,1785.3
13420.0,49,2,159.85,0.0
13421.0,190,1,825.04,1026.04
13425.0,8,3,1624.21,0.0
13426.0,82,5,1558.68,2082.64
13427.0,20,2,464.86,117.74000000000001
13435.0,10,3,1088.1200000000001,2721.77
13437.0,29,3,2024.25,1383.81
13439.0,155,1,283.71,0.0
13448.0,118,4,1423.26,2116.11
13450.0,24,4,1421.46,622.26
13451.0,26,4,2463.39,512.76
13452.0,159,2,590.0,0.0
13453.0,65,2,356.97999999999996,0.0
13455.0,266,1,692.94,365.4
13456.0,55,3,855.0600000000001,911.6600000000001
13458.0,35,9,7355.44,2291.13
13461.0,38,2,884.2,560.8
13462.0,152,1,151.5,0.0
13466.0,84,1,307.9,0.0
13468.0,7,27,4255.53,1449.44
13470.0,15,1,115.5,49.5
13473.0,232,1,241.26,181.38
13474.0,136,1,229.59,0.0
13475.0,91,4,1431.78,0.0
13476.0,78,2,1238.47,0.0
13477.0,38,4,899.55,555.03
13479.0,100,2,300.95,0.0
13481.0,8,4,1361.33,443.23
13482.0,132,1,184.64,0.0
13484.0,141,1,313.8,0.0
13485.0,133,1,454.24,0.0
13486.0,28,2,819.61,302.8
13487.0,113,2,408.8,166.6
13488.0,20,9,6596.38,2371.93
13489.0,5,4,449.52,0.0
13491.0,47,9,1088.45,127.37
13492.0,36,3,1269.84,0.0
13493.0,175,2,618.63,0.0
13494.0,211,1,316.26000000000005,0.0
13495.0,132,3,1072.43,972.44
13496.0,259,1,501.01,152.32
13497.0,182,2,348.05,0.0
13499.0,125,2,463.79,695.3199999999999
13500.0,22,1,326.4,840.37
13501.0,188,1,1340.32,0.0
13502.0,174,2,189.16,102.84
13505.0,66,3,2583.12,1810.51
13506.0,216,2,458.52,0.0
13507.0,7,2,1636.47,842.69
13508.0,143,1,110.97,0.0
13509.0,49,4,665.02,314.7
13510.0,83,1,585.3199999999999,1206.24
13512.0,160,1,251.21,0.0
13513.0,26,1,205.1,0.0
13515.0,17,3,523.96,367.16
13516.0,138,1,146.0,1243.41
13517.0,6,2,1612.18,516.24
13520.0,37,5,2947.98,676.37
13523.0,99,3,2369.24,1595.64
13524.0,1,3,408.86,271.32
13525.0,148,1,282.88,345.9
13527.0,5,4,1366.42,921.09
13529.0,104,1,181.1,126.66000000000001
13531.0,105,2,483.8,0.0
13533.0,82,3,270.79,0.0
13534.0,7,21,4371.53,1498.55
13538.0,20,5,891.75,389.1
13539.0,140,2,315.65,315.69
13544.0,140,1,122.91,168.5
13546.0,100,1,188.16,438.83
13548.0,143,1,281.01,401.4
13549.0,42,5,762.05,156.15
13551.0,219,1,91.80000000000001,0.0
13552.0,23,9,2762.91,977.1600000000001
13555.0,101,2,1590.05,2559.23
13557.0,180,1,240.68,343.38
13561.0,115,1,141.85999999999999,0.0
13562.0,41,2,1209.73,589.6
13563.0,40,1,310.88,466.65
13564.0,44,3,1749.02,0.0
13565.0,234,1,110.17999999999999,130.04
13568.0,73,1,192.85,0.0
13569.0,267,1,118.32,255.43
13570.0,143,1,239.49,0.0
13571.0,27,6,801.15,1291.17
13572.0,105,1,1384.25,0.0
13573.0,153,1,31.770000000000003,262.63
13575.0,33,2,218.75,513.32
13576.0,13,12,4517.21,2200.13
13577.0,48,2,822.1,865.5
13579.0,269,1,164.70000000000002,302.34
13581.0,209,1,118.0,0.0
13583.0,55,1,781.03,0.0
13584.0,206,1,142.4,0.0
13588.0,20,3,1075.62,1403.33
13589.0,79,1,147.0,232.65
13590.0,50,4,1116.38,865.54
13591.0,104,2,776.23,340.9
13592.0,105,3,205.51,42.45
13593.0,8,5,2037.0800000000002,0.0
13599.0,56,8,2313.84,2839.83
13600.0,212,1,219.52,0.0
13601.0,111,1,373.2,320.12
13606.0,143,2,250.42,30.119999999999997
13610.0,10,5,776.21,355.67
13611.0,70,2,636.72,535.08
13614.0,64,2,794.98,815.48
13615.0,218,1,417.69,0.0
13617.0,13,2,365.7,178.48000000000002
13618.0,73,1,177.34,0.0
13621.0,16,1,213.85,0.0
13623.0,110,4,551.92,195.86
13626.0,152,1,257.23,0.0
13627.0,76,3,1027.0,611.47
13629.0,36,7,4897.36,2895.0
13630.0,5,5,1361.46,670.3199999999999
13631.0,43,10,3017.92,52.5
13632.0,73,3,814.6,1306.67
13634.0,6,3,783.77,791.39
13636.0,22,4,646.55,302.57
13637.0,87,2,684.85,125.65
13642.0,115,1,354.8,0.0
13643.0,85,1,87.9,431.54
13644.0,5,1,851.09,1773.17
13645.0,20,1,252.1,0.0
13647.0,75,2,803.86,874.26
13649.0,156,2,346.6,0.0
13650.0,107,2,745.52,1090.82
13652.0,156,2,638.24,456.84000000000003
13654.0,45,4,1714.27,993.0600000000001
13655.0,14,2,932.97,0.0
13656.0,64,2,379.65,0.0
13657.0,101,1,152.34,229.8
13658.0,104,1,933.3,1705.87
13659.0,105,2,1573.2,0.0
13662.0,112,2,532.94,364.82
13663.0,79,1,189.47,0.0
13666.0,187,2,64.05,20.6
13667.0,49,1,305.02,0.0
13668.0,13,16,4934.87,1428.72
13669.0,49,1,48.150000000000006,170.39999999999998
13672.0,201,2,186.39000000000001,0.0
13675.0,51,2,486.82000000000005,0.0
13678.0,51,1,232.6,0.0
13680.0,237,2,2391.59,1330.83
13681.0,55,1,203.46,624.37
13682.0,87,1,59.5,0.0
13684.0,185,1,67.23,0.0
13686.0,82,1,72.0,0.0
13692.0,113,2,871.58,616.74
13694.0,7,39,45911.64,19127.98
13695.0,19,11,1385.53,1118.6
13699.0,55,1,308.58000000000004,0.0
13700.0,76,6,1245.8,1019.32
13703.0,218,1,99.5,0.0
13705.0,44,2,522.68,189.18
13706.0,202,1,330.79,0.0
13707.0,167,2,806.41,0.0
13708.0,171,1,296.88,0.0
13709.0,1,5,2939.21,3388.84
13711.0,118,2,252.06,0.0
13712.0,146,1,228.84,0.0
13715.0,181,5,1079.34,0.0
13716.0,169,1,138.28,0.0
13717.0,28,4,955.99,489.02
13718.0,146,2,306.55,0.0
13719.0,105,2,338.74,702.94
13720.0,16,4,799.9,0.0
13722.0,31,3,2375.41,0.0
13723.0,117,1,199.85000000000002,0.0
13725.0,69,7,1865.7,114.86
13726.0,0,1,292.68,786.98
13728.0,7,5,797.02,219.12
13730.0,35,2,752.6,0.0
13731.0,119,2,610.59,0.0
13735.0,75,2,1409.69,1475.55
13736.0,160,1,357.53,374.37
13737.0,100,1,339.59999999999997,0.0
13740.0,140,1,350.75,0.0
13741.0,83,2,363.13,305.3
13742.0,62,10,2648.7200000000003,482.3
13743.0,7,5,912.1199999999999,429.47999999999996
13744.0,192,1,893.16,263.2
13745.0,62,1,300.04,0.0
13747.0,273,1,79.6,0.0
13748.0,132,3,580.85,367.4
13750.0,40,4,1316.63,330.63
13751.0,188,1,296.25,0.0
13752.0,24,6,1186.28,0.0
13753.0,187,1,741.26,0.0
13754.0,51,2,282.59999999999997,0.0
13756.0,29,7,2558.34,2631.1800000000003
13758.0,101,5,2351.52,839.03
13760.0,156,1,135.09,151.70000000000002
13761.0,79,1,491.71000000000004,578.9399999999999
13762.0,118,1,306.72,0.0
13764.0,44,2,945.63,576.13
13767.0,8,28,9676.37,7543.990000000001
13769.0,22,6,1730.24,1066.27
13771.0,99,2,1464.8500000000001,1169.6
13772.0,139,1,228.42,903.71
13777.0,29,24,12360.24,13616.92
13778.0,3,1,178.7,0.0
13780.0,70,1,116.28000000000002,243.73000000000002
13781.0,150,1,127.84,0.0
13782.0,24,3,487.93,424.07
13784.0,13,8,1968.63,494.15999999999997
13786.0,267,1,230.39999999999998,0.0
13787.0,264,1,106.4,202.64000000000001
13791.0,27,2,1516.0,0.0
13792.0,187,1,74.60000000000001,120.95
13798.0,7,41,28066.24,9087.61
13799.0,16,2,688.86,0.0
13800.0,209,1,558.32,0.0
13802.0,38,3,4599.42,0.0
13803.0,155,1,277.07,0.0
13804.0,41,3,1355.11,1280.68
13805.0,29,1,500.24,424.36
13807.0,267,1,112.6,0.0
13809.0,205,1,155.05,0.0
13811.0,83,3,814.5,0.0
13812.0,5,1,278.74,260.26
13813.0,34,1,385.14,981.72
13814.0,37,1,617.54,961.58
13815.0,72,2,2977.75,1049.61
13817.0,251,1,128.7,254.28
13819.0,201,3,1140.35,0.0
13821.0,44,2,385.64,0.0
13824.0,35,4,1429.84,269.1
13826.0,76,1,189.5,0.0
13827.0,33,2,300.76,111.29
13831.0,38,4,1455.3899999999999,747.5999999999999
13833.0,59,1,384.8,0.0
13835.0,55,2,537.34,297.23
13837.0,111,2,271.24,0.0
13838.0,17,3,479.59,212.14
13841.0,152,1,85.0,0.0
13842.0,55,7,2165.27,1220.35
13846.0,142,2,663.9300000000001,201.13
13848.0,197,2,935.0,320.0
13849.0,70,1,593.5799999999999,944.37
13850.0,29,1,1595.48,0.0
13851.0,28,2,1353.28,1298.18
13854.0,6,19,6145.16,1964.36
13856.0,68,3,388.5,0.0
13859.0,226,1,201.16,0.0
13862.0,8,6,1781.3,428.06
13863.0,147,1,305.78,0.0
13865.0,36,3,383.34000000000003,118.22
13867.0,118,1,138.85,876.44
13869.0,23,4,3104.95,0.0
13870.0,1,5,2179.4700000000003,591.47
13871.0,12,8,4074.2400000000002,2329.01
13873.0,19,3,389.6,0.0
13874.0,258,1,540.45,0.0
13875.0,33,4,1424.8,361.99
13880.0,45,8,1680.76,1539.01
13881.0,7,9,6969.14,10190.38
13883.0,118,4,1742.78,931.7
13884.0,177,3,196.25,591.35
13885.0,89,2,506.8,0.0
13887.0,104,1,349.55,0.0
13888.0,19,2,605.63,0.0
13890.0,7,2,501.11,1382.7
13892.0,146,1,54.519999999999996,578.4499999999999
13893.0,197,1,821.1,0.0
13894.0,210,1,160.85,403.77000000000004
13895.0,43,2,937.3000000000001,1655.77
13898.0,225,1,155.93,0.0
13899.0,174,1,298.5,90.02
13900.0,83,3,740.95,0.0
13901.0,7,4,2652.28,214.92000000000002
13904.0,194,1,201.12,131.52
13908.0,26,3,1461.61,907.94
13911.0,44,8,2437.63,143.28
13917.0,91,1,65.38,206.66
13918.0,153,1,198.2,1014.64
13919.0,21,1,213.15,171.66
13922.0,251,1,172.25,0.0
13925.0,21,2,496.05,182.2
13928.0,6,2,225.45000000000002,239.12
13929.0,69,2,842.65,0.0
13930.0,36,1,210.0,127.33999999999999
13931.0,180,1,378.21000000000004,859.32
13932.0,194,1,307.4,0.0
13933.0,9,2,608.7900000000001,0.0
13934.0,163,1,922.1,0.0
13936.0,79,1,376.58,0.0
13937.0,69,1,158.85,0.0
13939.0,8,2,390.21,178.34
13940.0,16,2,391.06,448.08000000000004
13941.0,71,3,2831.26,2281.7000000000003
13946.0,101,2,485.96999999999997,75.6
13948.0,260,1,102.0,0.0
13950.0,146,1,179.30999999999997,565.75
13951.0,76,3,674.45,0.0
13952.0,117,2,3251.071,0.0
13953.0,15,5,2604.36,911.32
13955.0,54,2,322.96,0.0
13956.0,38,3,680.27,346.15
13959.0,181,2,337.44,260.76
13962.0,145,1,117.6,51.95
13963.0,208,4,664.54,0.0
13967.0,45,1,80.7,0.0
13969.0,7,11,3911.35,5142.59
13971.0,6,6,1985.9,772.36
13972.0,101,1,145.9,44.349999999999994
13973.0,187,1,264.7,0.0
13975.0,28,4,1497.71,1028.57
13976.0,106,1,357.98,0.0
13982.0,63,3,1230.1399999999999,641.67
13983.0,87,8,1681.06,922.37
13984.0,26,4,819.33,101.18
13985.0,7,7,2773.04,4287.09
13988.0,62,3,1923.5,2224.46
13989.0,139,1,896.6700000000001,369.40999999999997
13990.0,113,1,311.3,0.0
13991.0,43,1,126.35,729.62
13993.0,0,6,2247.41,1218.95
13994.0,5,2,419.56,1893.5800000000002
13995.0,15,3,871.9,521.79
13999.0,15,8,2561.94,1339.8700000000001
14000.0,111,1,635.66,0.0
14001.0,132,2,1309.14,733.94
14002.0,34,2,529.73,0.0
14004.0,8,4,2962.26,1620.3799999999999
14005.0,33,3,696.56,2178.16
14006.0,15,3,962.19,0.0
14009.0,98,2,695.61,0.0
14012.0,177,1,328.8,0.0
14013.0,10,3,473.02,0.0
14016.0,61,4,4341.21,0.0
14019.0,38,1,384.29,1037.32
14021.0,55,3,631.9,0.0
14022.0,125,1,440.0,0.0
14023.0,150,1,273.14,310.93
14024.0,21,2,327.7,0.0
14029.0,44,1,165.20000000000002,302.46
14030.0,21,6,1657.5,702.59
14031.0,26,13,9627.03,7659.83
14032.0,68,6,1845.37,1130.22
14034.0,57,2,473.90999999999997,177.91
14035.0,7,3,837.26,590.76
14036.0,184,1,626.65,0.0
14037.0,76,2,147.20000000000002,0.0
14038.0,44,2,1086.42,473.96
14040.0,17,9,2485.91,1129.01
14041.0,166,1,141.41,0.0
14044.0,3,3,542.11,110.71000000000001
14045.0,9,4,1659.75,0.0
14046.0,184,1,154.99,0.0
14047.0,99,3,635.92,672.69
14048.0,205,1,409.93,0.0
14049.0,58,3,3285.39,2396.33
14050.0,6,1,485.98,260.38
14051.0,13,15,8687.44,6922.95
14053.0,24,2,260.25,0.0
14055.0,6,1,725.6400000000001,0.0
14056.0,7,17,5382.51,2832.14
14057.0,0,13,4811.98,1405.98
14059.0,166,1,183.6,0.0
14060.0,8,14,4102.78,2037.64
14062.0,12,9,7801.79,2663.0600000000004
14064.0,13,4,1097.6799999999998,256.06
14066.0,166,1,152.55,0.0
14068.0,220,1,265.85,0.0
14071.0,160,2,356.81,1082.01
14075.0,161,1,307.92,634.34
14076.0,29,1,122.47,0.0
14077.0,82,3,310.4,189.01999999999998
14078.0,1,6,1049.37,0.0
14079.0,24,1,375.1,0.0
14081.0,202,2,934.52,0.0
14082.0,264,1,182.25,0.0
14083.0,26,7,548.92,469.51
14085.0,41,12,3248.19,1200.35
14088.0,28,7,25507.89,24983.920000000002
14090.0,224,1,76.32000000000001,0.0
14092.0,31,9,2437.8,1639.1100000000001
14096.0,1,1,21.84,65142.95
14099.0,20,8,2309.92,794.25
14100.0,37,1,194.9,0.0
14101.0,42,5,4944.389999999999,1032.4
14104.0,54,2,216.20999999999998,0.0
14105.0,139,1,1266.23,0.0
14107.0,76,5,1836.84,866.39
14108.0,1,1,291.33,306.58
14110.0,19,5,3259.62,2423.5299999999997
14111.0,6,2,247.2,445.65
14112.0,30,4,1900.82,1014.33
14113.0,254,1,433.5,1406.92
14114.0,173,2,386.53,0.0
14116.0,21,1,319.97,1062.77
14117.0,43,1,90.0,0.0
14127.0,22,3,709.71,0.0
14128.0,155,1,305.54,331.96
14129.0,160,1,358.90000000000003,764.96
14130.0,219,1,483.86,0.0
14132.0,13,5,1552.46,2033.57
14133.0,29,3,605.64,0.0
14135.0,5,10,3190.32,1499.99
14141.0,5,1,285.16,629.97
14142.0,273,1,311.81,0.0
14143.0,33,1,115.8,0.0
14145.0,56,3,2851.2,891.0
14146.0,154,2,1903.73,2287.27
14147.0,185,1,182.8,300.6
14148.0,133,1,157.2,0.0
14149.0,120,1,446.62,0.0
14150.0,259,1,306.18,352.46000000000004
14152.0,134,1,314.51,306.78000000000003
14154.0,139,2,1345.62,0.0
14155.0,166,1,118.75,0.0
14156.0,14,35,85001.9,32377.73
14157.0,185,1,277.17,155.71
14159.0,44,6,2184.21,2508.8
14161.0,115,3,1110.52,0.0
14162.0,73,2,289.36,0.0
14163.0,52,3,1659.39,786.52
14165.0,175,1,122.53999999999999,0.0
14167.0,65,3,402.1,172.74
14173.0,119,1,114.04,336.8
14175.0,71,2,1205.99,2016.31
14176.0,197,4,576.9000000000001,0.0
14177.0,79,1,118.08,441.33
14178.0,43,2,312.89,1308.04
14180.0,6,21,4110.12,638.4
14185.0,231,1,197.65,0.0
14188.0,9,4,1383.46,670.9
14189.0,13,10,2906.96,1747.12
14191.0,8,7,2258.26,2426.5
14193.0,169,1,422.53999999999996,430.85
14194.0,6,12,5666.45,5683.07
14195.0,101,2,1012.0,0.0
14196.0,6,1,335.52,0.0
14198.0,45,2,356.95,344.45
14199.0,118,1,185.39999999999998,0.0
14201.0,49,5,521.24,226.2
14205.0,164,1,222.9,243.8
14206.0,139,1,328.15999999999997,0.0
14209.0,21,5,1876.33,197.10000000000002
14210.0,5,6,1905.8400000000001,0.0
14211.0,107,5,909.89,1331.21
14214.0,56,3,899.16,105.22
14215.0,86,4,1098.27,691.45
14217.0,55,9,1085.0,919.98
14220.0,147,2,632.4,0.0
14221.0,13,7,2617.0099999999998,815.79
14222.0,77,1,683.17,0.0
14223.0,57,2,656.59,334.54
14224.0,10,4,1050.12,0.0
14226.0,110,2,1709.4,522.7900000000001
14227.0,96,7,2399.52,951.44
14229.0,191,2,762.13,785.0699999999999
14231.0,83,3,925.71,0.0
14232.0,15,4,1573.33,474.74
14233.0,111,3,959.1,503.62
14235.0,57,4,2802.86,342.0
14236.0,272,1,189.3,301.56
14237.0,273,1,161.0,0.0
14238.0,226,1,146.85,0.0
14239.0,30,7,1415.54,965.3100000000001
14240.0,125,1,226.85,663.49
14241.0,83,1,213.70000000000002,0.0
14242.0,134,2,280.55,0.0
14243.0,40,7,1990.78,597.99
14245.0,119,2,1693.45,0.0
14246.0,10,3,1474.06,0.0
14247.0,178,1,136.76999999999998,0.0
14248.0,218,1,302.58,0.0
14256.0,160,2,969.0600000000001,0.0
14257.0,23,4,2725.84,373.88
14258.0,51,7,9386.32,3283.66
14259.0,41,1,120.0,0.0
14262.0,7,3,855.0,1763.23
14264.0,54,2,333.97,0.0
14265.0,9,2,530.18,0.0
14267.0,62,3,1516.24,0.0
14270.0,231,1,492.65000000000003,0.0
14271.0,125,1,112.32,0.0
14272.0,154,1,132.09,305.87
14273.0,36,3,450.05,109.92
14276.0,80,2,720.4,399.34
14277.0,112,1,1637.43,2578.77
14280.0,96,1,134.04,0.0
14282.0,9,9,2495.44,1233.9
14285.0,76,1,5.9,1904.1100000000001
14286.0,142,1,2050.08,2578.67
14287.0,98,2,83.28,93.35
14288.0,113,1,426.6,0.0
14289.0,34,5,832.78,78.48
14290.0,261,1,777.5600000000001,1537.0900000000001
14291.0,20,7,2355.54,1527.71
14292.0,45,4,2590.21,2281.7200000000003
14293.0,47,3,739.41,307.15000000000003
14297.0,174,1,232.6,1072.73
14298.0,23,36,35591.84,15935.46
14299.0,7,5,2437.14,1528.48
14301.0,17,1,640.14,0.0
14304.0,122,1,383.45,0.0
14305.0,13,2,1048.45,810.51
14307.0,34,4,2307.89,687.83
14309.0,68,6,1310.02,1042.51
14311.0,142,1,310.26,0.0
14312.0,86,4,854.59,757.0
14314.0,6,1,120.0,0.0
14315.0,29,5,1550.15,930.98
14320.0,106,2,477.79,0.0
14321.0,16,3,900.65,630.1
14323.0,14,2,605.0600000000001,0.0
14326.0,142,1,183.85,0.0
14327.0,63,1,311.65,0.0
14329.0,8,4,3485.03,1529.81
14331.0,24,2,462.65999999999997,0.0
14332.0,47,1,119.04,747.27
14334.0,22,6,2013.51,538.7
14336.0,98,3,1114.39,500.52000000000004
14338.0,61,2,588.22,0.0
14339.0,142,1,309.52,0.0
14340.0,118,1,134.7,0.0
14341.0,30,6,1139.52,1042.76
14342.0,37,2,419.74,248.82
14344.0,27,8,889.9300000000001,0.0
14346.0,20,2,1021.58,0.0
14348.0,160,1,409.57,0.0
14350.0,174,1,282.93,0.0
14351.0,64,1,51.0,0.0
14352.0,57,4,1078.96,0.0
14353.0,115,1,90.6,0.0
14355.0,265,1,174.4,0.0
14364.0,8,8,3717.35,0.0
14367.0,37,10,5448.45,3813.07
14368.0,219,1,155.0,0.0
14371.0,195,1,100.5,0.0
14373.0,258,1,76.55,0.0
14375.0,85,1,257.68,0.0
14377.0,91,2,617.05,0.0
14379.0,195,1,110.98,237.12
14383.0,63,1,242.09,1005.6
14386.0,196,1,142.4,0.0
14387.0,9,1,440.76,1329.8
14388.0,21,5,1835.1100000000001,1377.73
14389.0,90,1,311.14,732.32
14390.0,44,4,1592.66,3060.16
14393.0,118,1,67.95,0.0
14395.0,77,6,1966.22,1541.49
14396.0,271,1,110.35000000000001,377.64
14397.0,9,9,856.0,1756.96
14400.0,49,1,574.7,0.0
14401.0,7,9,2766.2999999999997,1285.18
14403.0,30,4,1475.81,0.0
14404.0,8,5,1347.52,126.79999999999998
14406.0,19,1,156.75,0.0
14407.0,7,6,2157.73,0.0
14408.0,30,5,1996.51,610.02
14409.0,22,5,1943.73,115.72
14410.0,41,7,979.98,125.09
14411.0,210,1,1063.0,0.0
14413.0,262,1,122.7,0.0
14414.0,9,5,1137.08,359.9
14415.0,23,8,3339.33,2560.95
14418.0,8,1,150.44,1786.81
14419.0,152,2,307.56,750.5
14421.0,111,1,455.18,357.93
14422.0,70,2,1032.15,3231.4900000000002
14423.0,118,1,265.2,0.0
14426.0,40,6,2885.58,1596.09
14428.0,139,2,330.62,914.21
14431.0,202,1,470.36,0.0
14437.0,265,1,63.0,0.0
14438.0,206,1,131.9,0.0
14439.0,219,1,2661.24,0.0
14440.0,216,2,1185.71,1171.97
14441.0,155,1,356.84000000000003,1356.05
14442.0,104,2,1589.82,0.0
14443.0,38,3,991.52,428.68
14446.0,146,1,303.04,736.54
14447.0,96,2,601.03,562.2
14448.0,264,1,102.35000000000001,273.0
14449.0,146,2,401.3,505.8
14450.0,80,3,483.25,0.0
14451.0,94,1,360.0,302.59
14453.0,90,1,119.93,0.0
14456.0,31,3,636.65,2425.75
14457.0,210,1,113.64,0.0
14459.0,55,1,1837.92,0.0
14460.0,10,3,434.34,0.0
14461.0,48,3,2103.06,0.0
14462.0,20,9,1534.1,469.92
14463.0,70,2,309.42,220.2
14465.0,146,3,1058.6200000000001,0.0
14466.0,15,5,1580.45,691.95
14467.0,212,1,131.7,467.06
14470.0,187,1,297.64,163.55
14472.0,3,8,1936.84,0.0
14473.0,182,1,85.0,149.34000000000003
14475.0,86,2,622.17,303.68
14476.0,157,1,215.7,0.0
14477.0,84,2,523.0,786.6
14479.0,153,2,316.25,0.0
14481.0,64,2,636.51,0.0
14482.0,139,1,238.1,1830.05
14483.0,181,1,137.1,0.0
14487.0,268,1,125.10000000000001,1071.23
14489.0,107,1,463.38,0.0
14491.0,75,2,340.93,0.0
14493.0,55,1,611.22,1772.02
14495.0,21,1,40.599999999999994,83.2
14496.0,211,2,538.8100000000001,0.0
14497.0,209,1,475.37,0.0
14498.0,16,4,1281.79,675.53
14499.0,33,2,370.96000000000004,444.36
14500.0,12,2,335.85,21.0
14501.0,83,2,251.21,0.0
14502.0,49,7,1176.01,1294.66
14503.0,78,1,597.07,2946.19
14504.0,143,3,542.71,130.55
14505.0,9,6,4255.64,1650.0
14506.0,62,3,831.66,1180.51
14507.0,1,4,924.6899999999999,458.49
14511.0,33,1,138.16,1176.65
14512.0,87,2,275.28,0.0
14513.0,0,3,455.59000000000003,0.0
14514.0,101,2,403.11,652.24
14515.0,91,2,765.65,1336.44
14517.0,41,1,252.45,78.0
14520.0,190,1,165.0,105.60000000000001
14522.0,98,1,278.63,695.91
14523.0,8,1,241.09,0.0
14524.0,78,5,1052.72,814.96
14525.0,0,7,2926.14,1406.06
14527.0,7,39,5136.4,3372.42
14529.0,10,1,135.24,484.8
14530.0,28,4,2021.27,904.64
14532.0,136,4,932.85,0.0
14533.0,12,2,734.98,1214.74
14534.0,19,13,2904.05,1543.0
14535.0,27,2,1653.91,1210.28
14536.0,159,1,171.8,0.0
14538.0,156,1,106.5,281.75
14540.0,209,1,195.9,800.36
14541.0,68,7,1315.65,146.0
14542.0,85,1,103.25,0.0
14543.0,8,13,3265.1,365.23
14544.0,261,1,1121.92,902.53
14546.0,101,2,874.88,1703.21
14548.0,50,2,652.8,0.0
14549.0,211,1,289.24,0.0
14551.0,104,1,125.43,60.8
14552.0,51,1,165.07,0.0
14553.0,118,2,312.32,546.95
14555.0,202,1,197.94,126.2
14560.0,9,13,1414.0,823.77
14561.0,62,2,566.99,513.77
14562.0,27,6,1985.3500000000001,3089.42
14565.0,13,3,2560.32,538.8000000000001
14566.0,10,1,1432.0,0.0
14567.0,30,1,800.76,729.6
14570.0,180,2,218.06,0.0
14572.0,10,5,2089.44,743.4
14573.0,79,9,1653.42,0.0
14576.0,272,1,35.400000000000006,0.0
14577.0,63,3,646.64,213.07
14583.0,44,4,787.64,264.91
14584.0,69,4,1042.26,0.0
14586.0,176,1,237.36,0.0
14587.0,84,8,1473.53,127.61
14589.0,271,1,39.75,0.0
14591.0,113,1,250.22,1196.92
14593.0,98,2,339.59,278.4
14594.0,273,1,255.0,124.83
14595.0,213,1,163.8,1576.8
14597.0,91,1,165.1,718.05
14600.0,205,1,393.33000000000004,0.0
14603.0,174,1,660.0,0.0
14606.0,3,69,9329.38,2827.27
14607.0,161,1,495.0,16074.5
14608.0,262,1,204.0,1581.15
14609.0,43,3,486.36,115.2
14616.0,142,3,406.08000000000004,0.0
14618.0,237,1,211.8,341.64
14619.0,145,1,394.44,0.0
14620.0,105,2,412.78000000000003,0.0
14621.0,56,3,1002.91,785.45
14622.0,84,1,320.58000000000004,0.0
14623.0,16,3,608.71,280.54
14625.0,96,2,899.63,0.0
14626.0,22,2,1571.29,1219.98
14628.0,142,1,331.58000000000004,340.38
14631.0,135,2,630.08,376.90000000000003
14632.0,162,1,114.56,0.0
14633.0,166,1,344.90000000000003,0.0
14636.0,168,1,300.19,309.66
14639.0,20,4,1989.23,995.26
14640.0,27,4,1501.06,624.02
14643.0,70,2,693.8100000000001,0.0
14644.0,198,1,187.50000000000003,643.26
14645.0,56,2,597.09,0.0
14646.0,5,40,176355.94,103850.08
14647.0,101,1,243.22,0.0
14649.0,112,2,584.22,833.0699999999999
14651.0,111,1,416.32,238.28
14653.0,238,1,344.81,1602.74
14655.0,122,1,810.56,1121.67
14656.0,69,2,291.05,0.0
14657.0,55,3,638.94,209.28
14658.0,17,1,123.14,124.01
14659.0,45,6,1641.55,888.38
14660.0,0,1,128.95,156.79
14662.0,134,3,524.86,246.31
14665.0,196,3,731.66,1104.04
14667.0,13,17,5488.22,3752.98
14669.0,141,3,1269.99,0.0
14670.0,180,2,411.53,0.0
14672.0,134,2,765.55,0.0
14673.0,267,1,373.49,1362.91
14676.0,47,4,1690.92,857.32
14680.0,21,13,24196.4,4557.71
14681.0,111,1,393.95,105.0
14682.0,87,2,52.0,0.0
14684.0,115,2,519.26,717.02
14687.0,6,1,628.38,0.0
14688.0,29,15,3852.54,1778.33
14689.0,108,1,112.8,0.0
14690.0,51,1,216.71,154.99
14691.0,112,1,439.6,1674.73
14692.0,37,4,591.55,0.0
14693.0,164,1,172.9,0.0
14696.0,19,5,1458.54,620.41
14697.0,118,2,188.60999999999999,0.0
14699.0,114,1,109.13000000000001,0.0
14700.0,89,2,1557.6,677.6999999999999
14701.0,72,7,1958.28,591.09
14702.0,16,9,1687.7,1604.44
14704.0,42,2,221.16,1325.75
14705.0,98,1,179.0,0.0
14708.0,54,2,701.1800000000001,425.19
14709.0,12,8,3364.44,1556.6000000000001
14711.0,9,8,2064.42,804.38
14712.0,12,1,115.72,801.35
14713.0,27,8,1821.8799999999999,844.48
14715.0,198,2,247.45,619.9300000000001
14716.0,48,1,188.56,141.12
14719.0,79,2,488.12,1114.01
14720.0,26,1,155.8,508.01
14722.0,47,1,187.92000000000002,0.0
14723.0,258,3,471.0,687.3000000000001
14727.0,174,1,268.58,0.0
14729.0,273,1,313.49,0.0
14730.0,7,5,904.21,1100.85
14731.0,105,2,251.01999999999998,129.0
14732.0,43,5,1618.3,1084.19
14733.0,10,11,9044.2,541.71
14735.0,10,22,3496.31,2569.38
14737.0,28,2,1081.75,82.8
14738.0,33,5,757.6500000000001,556.8000000000001
14739.0,119,3,1307.6200000000001,2594.66
14740.0,97,3,1448.21,0.0
14741.0,13,4,864.96,535.38
14744.0,197,5,928.03,171.95
14745.0,12,5,1220.26,0.0
14747.0,149,1,328.2,0.0
14748.0,23,4,1118.77,296.98
14754.0,195,1,228.26999999999998,409.78
14755.0,12,7,2867.6800000000003,2142.6
14758.0,44,4,1484.06,0.0
14759.0,12,2,870.85,755.12
14760.0,197,1,89.2,0.0
14761.0,234,1,97.5,158.4
14762.0,163,1,300.52,0.0
14765.0,12,2,95.5,158.61
14766.0,68,4,1531.32,942.0500000000001
14768.0,27,1,133.20000000000002,59.400000000000006
14769.0,8,6,6487.94,4186.81
14770.0,132,2,876.42,0.0
14772.0,12,1,139.26,0.0
14775.0,37,2,701.46,310.44
14776.0,5,8,1862.22,676.08
14778.0,27,2,730.86,0.0
14779.0,180,3,386.15,0.0
14782.0,219,1,200.10000000000002,0.0
14784.0,223,1,114.68,175.31
14790.0,19,2,364.04,381.02
14794.0,103,4,679.54,640.37
14795.0,66,1,131.45000000000002,0.0
14796.0,7,13,5757.42,2265.07
14798.0,44,2,97.4,76.34
14800.0,9,9,3840.44,499.3
14803.0,62,3,845.55,0.0
14805.0,213,1,109.25,445.4
14808.0,44,6,1846.31,894.86
14810.0,3,10,1869.33,218.55
14813.0,269,2,155.43,0.0
14816.0,97,1,271.85,0.0
14817.0,100,2,1110.34,0.0
14818.0,69,2,409.63,248.17000000000002
14819.0,92,1,84.72,187.35
14820.0,73,1,139.77,367.52
14821.0,266,1,48.800000000000004,0.0
14823.0,80,3,321.43,0.0
14825.0,27,7,1339.3700000000001,887.54
14828.0,96,3,2139.76,0.0
14829.0,84,3,531.63,165.92
14834.0,20,2,429.3,1291.0
14837.0,5,3,1345.56,303.94
14840.0,167,1,62.85,0.0
14841.0,79,4,2375.57,920.19
14842.0,91,2,1688.48,1136.21
14844.0,23,3,2257.6800000000003,932.13
14847.0,48,1,309.4,0.0
14849.0,19,15,5025.25,2905.29
14850.0,211,1,325.75,0.0
14851.0,156,1,206.13,305.22
14852.0,40,4,1634.21,1202.48
14853.0,111,1,214.5,261.3
14854.0,33,6,2301.63,458.2
14855.0,19,2,645.65,0.0
14857.0,48,1,522.52,650.6
14859.0,104,1,296.86,1056.88
14862.0,48,1,304.09999999999997,537.1
14865.0,272,1,37.2,15.0
14866.0,5,4,1163.9,13226.0
14867.0,85,3,710.28,0.0
14868.0,20,4,1297.07,1656.52
14869.0,3,1,391.31,334.39
14870.0,161,1,327.25,0.0
14871.0,78,3,354.75,167.63
14873.0,110,1,519.68,0.0
14875.0,7,2,1465.3200000000002,0.0
14878.0,73,6,1083.02,402.52
14880.0,85,2,363.27,342.92
14883.0,63,2,358.48,403.11
14885.0,31,1,765.3199999999999,0.0
14886.0,152,1,364.8,0.0
14888.0,107,1,369.2,0.0
14889.0,236,1,135.9,0.0
14890.0,153,1,125.65,0.0
14891.0,48,2,554.38,0.0
14895.0,10,10,6081.71,5057.0
14896.0,104,2,468.77000000000004,0.0
14897.0,196,1,175.5,1190.88
14898.0,34,5,1011.3,292.22
14901.0,1,5,822.12,599.17
14903.0,24,4,2411.82,398.81
14905.0,57,2,616.15,0.0
14907.0,47,4,1931.82,1569.28
14911.0,5,106,74437.05,69388.01
14912.0,146,1,482.78999999999996,385.06
14913.0,83,3,917.15,310.28000000000003
14915.0,177,1,142.28,165.20000000000002
14916.0,49,2,701.28,567.7
14918.0,15,2,1610.15,0.0
14920.0,112,2,977.77,0.0
14921.0,101,1,903.01,413.06
14924.0,145,1,310.05,0.0
14930.0,8,3,2372.86,0.0
14931.0,106,2,586.0,671.6800000000001
14932.0,265,1,363.53,0.0
14934.0,182,1,828.84,1062.1
14935.0,197,1,1784.71,0.0
14936.0,8,3,5072.88,3064.14
14937.0,30,1,759.56,862.3199999999999
14944.0,44,6,2507.73,3392.52
14947.0,30,1,178.5,112.32
14948.0,9,3,556.87,545.1
14952.0,106,7,3534.61,4564.88
14957.0,153,1,58.49,0.0
14958.0,47,3,499.68,0.0
14959.0,9,3,537.32,158.1
14960.0,71,1,88.3,132.97
14961.0,54,6,3906.98,3137.7
14962.0,170,1,126.7,0.0
14963.0,83,1,294.2,1193.6
14964.0,147,1,206.21,0.0
14970.0,37,3,1119.75,472.31
14972.0,28,1,114.77,0.0
14973.0,7,3,1314.45,0.0
14976.0,1,4,559.96,230.9
14978.0,135,4,1537.28,394.14
14981.0,146,1,102.12,0.0
14984.0,80,1,110.17999999999999,103.09
14985.0,98,2,296.75,0.0
14987.0,265,1,163.2,163.2
14988.0,111,1,334.54,0.0
14995.0,180,1,119.31,113.92
14997.0,78,1,155.28,390.91999999999996
14998.0,70,2,429.87,0.0
15002.0,15,4,1641.76,0.0
15004.0,47,1,1246.32,0.0
15005.0,8,19,4327.08,1989.49
15007.0,59,1,156.91,0.0
15012.0,273,1,191.06,231.98
15014.0,76,1,117.72999999999999,142.44
15016.0,72,1,170.04,0.0
15018.0,152,2,291.34000000000003,204.87
15019.0,166,1,266.0,0.0
15021.0,56,5,1119.08,795.74
15023.0,16,8,5110.32,1692.44
15024.0,13,5,845.62,815.71
15026.0,140,2,230.78,238.22
15027.0,68,3,966.9699999999999,99.18
15028.0,268,1,185.97,441.16
15030.0,168,1,152.76,365.52000000000004
15031.0,10,2,261.79,406.34999999999997
15032.0,156,3,4959.1,0.0
15033.0,9,6,1629.1,957.57
15034.0,132,5,2664.83,1643.78
15036.0,77,2,245.69,219.85999999999999
15038.0,87,4,517.45,188.04
15039.0,14,36,17631.71,2282.73
15041.0,70,1,180.35,0.0
15042.0,99,1,135.93,0.0
15044.0,36,13,5202.28,2497.95
15045.0,51,2,735.66,0.0
15046.0,27,10,3863.33,1350.44
15047.0,169,1,343.62,0.0
15048.0,16,3,324.53,59.52
15049.0,173,1,121.17000000000002,0.0
15051.0,50,1,377.74,1013.87
15052.0,219,1,215.78,0.0
15053.0,56,2,478.6,219.19
15057.0,175,2,1489.5,0.0
15058.0,24,7,1245.66,879.33
15059.0,7,7,1008.6,329.12
15061.0,27,37,36575.0,17959.14
15062.0,117,3,814.04,173.82
15063.0,113,1,370.79999999999995,0.0
15065.0,64,3,2858.75,299.38
15067.0,182,1,848.05,896.71
15068.0,156,1,239.95999999999998,313.4
15069.0,79,1,1109.53,0.0
15070.0,272,1,106.2,0.0
15071.0,175,1,588.6700000000001,393.40000000000003
15073.0,85,2,861.96,181.45
15074.0,5,1,748.87,0.0
15076.0,72,1,880.85,0.0
15078.0,5,22,6702.59,3040.52
15079.0,112,4,895.61,0.0
15081.0,108,2,248.05,256.75
15083.0,156,1,88.2,0.0
15087.0,181,1,306.94,0.0
15089.0,8,2,1677.23,743.61
15090.0,208,1,381.32,0.0
15092.0,115,2,457.81,0.0
15093.0,16,5,4027.1,569.9200000000001
15095.0,3,4,1370.6,0.0
15098.0,82,3,39916.5,0.0
15100.0,233,3,876.0,0.0
15101.0,259,1,102.28,215.25
15104.0,96,2,1027.44,0.0
15105.0,34,1,532.98,1765.95
15106.0,41,3,1032.83,389.69
15107.0,211,6,319.5,0.0
15108.0,41,4,1300.25,0.0
15109.0,145,1,484.95,0.0
15110.0,26,2,376.55,619.5500000000001
15111.0,272,1,288.5,1278.98
15114.0,16,6,1354.01,1406.55
15116.0,34,2,790.97,561.7800000000001
15117.0,20,2,675.73,876.0500000000001
15118.0,34,1,244.8,0.0
15119.0,145,1,266.4,0.0
15120.0,33,1,358.82,0.0
15121.0,188,1,295.15,162.57
15122.0,14,3,1633.78,0.0
15123.0,106,1,1069.47,1129.84
15124.0,91,1,90.75,93.44
15125.0,13,12,10795.48,733.0
15128.0,26,3,1170.24,300.76
15129.0,6,10,2796.73,650.67
15130.0,69,1,330.11,0.0
15132.0,5,3,842.23,135.70000000000002
15133.0,27,3,982.42,0.0
15134.0,27,4,614.86,773.13
15135.0,139,1,139.05,0.0
15139.0,139,2,178.96,0.0
15140.0,15,5,1728.11,626.14
15143.0,125,1,259.45,0.0
15144.0,13,9,2968.94,3611.5
15145.0,127,2,724.03,470.7
15146.0,64,2,1327.16,0.0
15147.0,140,1,623.5,0.0
15149.0,33,1,520.8000000000001,0.0
15150.0,9,5,3569.62,1744.85
15152.0,13,6,2383.21,2362.48
15157.0,54,2,1505.37,430.70000000000005
15159.0,12,18,8969.97,9671.04
15160.0,257,1,158.16,0.0
15163.0,92,1,155.0,149.47
15164.0,108,2,368.18,474.87
15165.0,273,1,487.75,0.0
15167.0,220,1,163.0,0.0
15171.0,231,1,1289.5,0.0
15172.0,35,3,886.74,737.31
15174.0,222,1,135.75,0.0
15178.0,160,1,40.5,0.0
15179.0,133,3,1455.12,751.83
15180.0,267,1,87.5,0.0
15181.0,75,2,434.99999999999994,254.48
15182.0,54,2,622.85,0.0
15184.0,90,1,235.23000000000002,171.53
15186.0,68,1,229.26,182.15
15187.0,29,4,1552.04,3225.14
15189.0,6,28,11128.54,5096.85
15192.0,19,3,1044.32,0.0
15194.0,26,11,4469.53,3147.0
15197.0,152,2,773.25,306.36
15198.0,24,1,107.64,86.0
15199.0,135,2,657.15,611.55
15201.0,26,4,933.26,303.28000000000003
15203.0,5,4,1328.32,499.48
15204.0,257,1,316.58,0.0
15205.0,27,1,476.29999999999995,176.94
15206.0,45,2,53.10000000000001,367.2
15208.0,63,2,323.52,546.6
15210.0,125,1,331.18,0.0
15211.0,265,1,383.07,511.34000000000003
15212.0,141,1,101.8,0.0
15213.0,218,2,328.35,0.0
15214.0,83,2,651.63,1009.8100000000001
15218.0,16,8,3865.35,1891.54
15219.0,76,1,305.75,0.0
15220.0,15,5,1284.05,494.91
15221.0,266,1,403.25,0.0
15222.0,218,1,585.0,0.0
15223.0,125,2,755.75,0.0
15224.0,258,2,322.08,0.0
15225.0,134,1,409.40000000000003,0.0
15226.0,210,1,154.41,0.0
15227.0,115,3,876.8199999999999,342.58
15228.0,29,3,2224.03,1162.68
15230.0,139,2,429.6,0.0
15232.0,13,2,612.06,0.0
15234.0,176,1,197.0,0.0
15235.0,117,12,2247.51,0.0
15236.0,198,1,321.05,0.0
15237.0,103,2,1093.65,318.67
15238.0,84,1,300.14,771.85
15240.0,91,3,1045.38,661.1899999999999
15241.0,27,6,1344.86,411.58000000000004
15244.0,148,1,297.94,333.63
15245.0,34,3,2515.84,0.0
15246.0,138,2,514.15,0.0
15247.0,22,1,356.0,0.0
15249.0,7,10,5357.03,1331.43
15251.0,6,7,7452.12,3032.87
15252.0,83,1,300.55,440.23
15253.0,69,1,173.85,744.35
15254.0,27,1,300.36,0.0
15256.0,48,1,98.45,0.0
15257.0,183,1,317.15,0.0
15258.0,68,2,623.16,0.0
15260.0,0,7,1810.77,0.0
15261.0,35,1,254.82,0.0
15262.0,223,1,178.95000000000002,0.0
15263.0,6,1,156.51,0.0
15265.0,51,2,1506.1200000000001,0.0
15266.0,238,1,119.3,0.0
15267.0,55,2,1407.76,309.6
15270.0,17,5,1850.29,529.2
15271.0,16,9,1372.34,1134.73
15279.0,254,1,290.51,0.0
15280.0,72,1,113.12,0.0
15281.0,36,8,2191.78,140.37
15288.0,55,4,2006.3600000000001,300.15999999999997
15289.0,37,2,697.98,241.8
15290.0,3,12,3392.5899999999997,4550.63
15291.0,72,11,3306.27,1362.03
15292.0,101,1,180.94,0.0
15296.0,9,5,2599.49,1073.37
15298.0,42,6,2767.2,2032.7
15299.0,64,5,3035.01,1472.0
15301.0,13,9,3747.8,1322.55
15303.0,190,1,574.02,0.0
15304.0,64,6,491.90000000000003,202.5
15306.0,48,1,344.62,829.73
15308.0,174,1,310.47,0.0
15311.0,12,63,45131.27,15636.63
15312.0,3,3,794.8,130.05
15313.0,10,1,52.0,0.0
15314.0,99,1,327.97,0.0
15315.0,16,1,233.54,336.96
15316.0,226,1,165.0,0.0
15319.0,183,1,204.5,0.0
15321.0,191,1,1159.47,1588.8400000000001
15325.0,3,1,162.29,0.0
15326.0,233,1,311.71,0.0
15329.0,34,2,754.0,295.7
15332.0,266,4,1661.06,0.0
15333.0,108,1,1028.56,0.0
15334.0,56,3,351.67,0.0
15339.0,218,1,257.9,316.17
15342.0,29,1,406.09,0.0
15346.0,232,1,252.42000000000002,0.0
15347.0,266,1,201.60000000000002,0.0
15349.0,58,2,473.81,0.0
15350.0,273,1,115.65,0.0
15351.0,269,1,274.67,1685.44
15353.0,154,2,777.02,0.0
15356.0,5,8,2279.64,486.86
15358.0,20,15,5639.81,2707.39
15361.0,261,1,418.92,0.0
15363.0,272,1,326.0,0.0
15364.0,154,1,331.80000000000007,581.39
15365.0,215,1,208.61,2105.71
15366.0,258,1,105.54,496.97
15367.0,145,2,1416.18,461.40999999999997
15370.0,41,4,1513.46,872.5899999999999
15372.0,37,1,2007.3999999999999,0.0
15373.0,15,9,1686.9,729.01
15374.0,28,1,168.0,0.0
15376.0,17,2,989.02,244.34
15379.0,69,7,3703.29,0.0
15380.0,41,2,582.5600000000001,1107.7
15381.0,113,2,596.85,0.0
15382.0,84,4,2127.12,3828.59
15384.0,69,2,642.41,0.0
15386.0,86,1,394.14,0.0
15388.0,170,1,140.54,0.0
15389.0,72,1,500.0,0.0
15392.0,260,1,338.98,1196.55
15393.0,181,1,124.10000000000001,107.76
15394.0,104,2,1436.44,747.1
15395.0,225,1,107.45,0.0
15396.0,12,1,288.18,0.0
15397.0,189,1,94.0,0.0
15400.0,13,4,611.2,105.0
15402.0,48,2,626.77,0.0
15405.0,89,1,349.1,0.0
15406.0,201,1,252.29,258.42
15407.0,83,3,740.73,315.71
15408.0,164,1,267.18,0.0
15410.0,29,6,2702.67,748.1700000000001
15411.0,24,2,382.21,976.67
15412.0,71,1,190.53,0.0
15414.0,142,1,36.2,738.7
15415.0,213,1,572.8100000000001,0.0
15416.0,55,3,3144.33,839.99
15421.0,115,3,739.36,211.0
15422.0,223,2,97.7,0.0
15424.0,154,2,383.34,0.0
15426.0,157,2,662.98,784.41
15433.0,113,2,533.3,0.0
15434.0,7,3,587.28,454.20000000000005
15436.0,134,1,489.05,633.48
15437.0,162,1,200.16,0.0
15438.0,31,1,156.57999999999998,0.0
15440.0,36,2,237.66,146.02
15442.0,148,1,594.0,0.0
15443.0,9,2,684.8,2552.11
15445.0,164,1,113.5,0.0
15447.0,230,1,155.17,0.0
15448.0,212,1,494.64,0.0
15449.0,85,2,647.7,326.82
15452.0,164,1,247.25,291.48
15453.0,31,3,485.01,903.36
15454.0,262,1,179.1,0.0
15456.0,183,3,447.22,0.0
15457.0,162,1,237.07,0.0
15460.0,254,1,216.76,0.0
15462.0,43,2,169.8,64.8
15464.0,238,1,1048.85,0.0
15465.0,38,15,5992.129999999999,1362.49
15467.0,45,2,402.56,122.32
15469.0,20,1,304.3,234.25
15472.0,13,1,371.56,0.0
15480.0,16,1,905.5,0.0
15482.0,65,4,2103.5,8951.46
15483.0,61,4,233.81,0.0
15485.0,236,2,1278.63,1296.37
15489.0,111,1,348.26,786.02
15491.0,0,5,2800.9300000000003,299.16
15493.0,49,3,1318.75,683.05
15494.0,21,1,1127.38,171.85
15497.0,219,1,970.6,291.6
15498.0,20,19,9126.37,4190.03
15502.0,23,5,5955.53,4429.4
15503.0,262,1,147.09,0.0
15505.0,13,3,2091.14,1519.82
15506.0,38,1,209.35,769.91
15507.0,71,1,492.36,0.0
15508.0,89,6,1000.27,0.0
15510.0,230,1,250.0,0.0
15512.0,55,2,121.0,0.0
15513.0,6,15,8928.87,5829.35
15514.0,125,6,2561.94,1577.52
15517.0,133,1,267.03,0.0
15518.0,24,7,1624.76,317.69
15521.0,48,5,2116.98,883.22
15525.0,273,1,313.93,511.99
15527.0,44,5,1330.79,1098.99
15528.0,154,1,229.33,0.0
15529.0,42,8,2399.08,1596.15
15530.0,49,3,1168.73,333.62
15532.0,31,3,1225.79,355.14
15535.0,73,4,536.4,0.0
15537.0,63,1,110.92,0.0
15541.0,14,1,85.13000000000001,0.0
15543.0,188,1,127.86,0.0
15544.0,19,7,2772.37,774.34
15545.0,271,1,135.32999999999998,157.39000000000001
15547.0,10,8,2770.71,2184.13
15549.0,57,2,1631.68,61.58
15550.0,6,3,433.28,142.35
15552.0,117,1,90.12,0.0
15554.0,177,1,217.2,0.0
15555.0,3,10,2819.94,1985.23
15561.0,49,3,449.66999999999996,350.92
15562.0,251,1,134.55,0.0
15563.0,100,2,735.62,664.8199999999999
15569.0,3,5,1375.71,0.0
15570.0,41,9,2826.68,1338.84
15572.0,9,4,1555.29,997.57
15574.0,77,4,702.25,0.0
15577.0,51,3,258.88,0.0
15578.0,62,1,127.1,0.0
15579.0,213,1,199.6,149.0
15581.0,20,13,3679.9700000000003,0.0
15582.0,0,2,541.51,141.4
15584.0,62,1,154.65,570.46
15585.0,76,1,455.3,0.0
15587.0,42,2,456.84,456.84000000000003
15589.0,155,3,478.53000000000003,0.0
15594.0,134,1,267.91,1503.87
15596.0,0,5,1406.59,0.0
15599.0,104,1,448.83,312.90999999999997
15601.0,22,11,5585.46,1191.1
15602.0,100,5,542.95,754.92
15605.0,152,3,690.1800000000001,508.05
15606.0,19,8,2439.38,480.78000000000003
15607.0,236,1,104.76,0.0
15608.0,20,1,285.68,808.0
15609.0,84,1,298.48,0.0
15611.0,3,8,947.1400000000001,644.3100000000001
15615.0,5,19,7367.85,3031.89
15618.0,36,1,222.831,554.02
15620.0,120,2,875.01,678.17
15622.0,97,5,2602.0,1107.56
15623.0,41,1,301.03,0.0
15624.0,16,4,588.13,0.0
15625.0,3,4,1534.26,0.0
15626.0,229,1,281.88,393.92
15628.0,28,4,1313.55,1556.69
15630.0,104,1,396.86,789.49
15632.0,21,6,2351.84,933.47
15636.0,182,1,306.7,418.06
15639.0,34,1,425.32,0.0
15640.0,21,11,8919.34,3596.32
15641.0,5,4,1887.2,0.0
15643.0,91,3,664.0,0.0
15644.0,66,4,813.0,0.0
15646.0,57,3,447.64000000000004,0.0
15648.0,104,2,657.35,0.0
15649.0,236,2,816.0,0.0
15651.0,160,1,227.32,418.98
15653.0,15,1,48.0,829.4399999999999
15655.0,143,1,560.67,0.0
15656.0,78,3,563.63,184.87
15658.0,90,5,1024.1000000000001,0.0
15660.0,35,6,884.34,716.52
15661.0,217,2,309.8,0.0
15663.0,6,1,138.14,0.0
15665.0,68,2,2242.01,0.0
15668.0,117,1,76.32000000000001,0.0
15669.0,3,3,565.54,118.8
15670.0,196,1,173.05,0.0
15671.0,26,4,1334.49,1322.64
15673.0,56,3,2104.39,776.63
15674.0,113,4,1379.66,1066.94
15675.0,55,2,225.39,98.30000000000001
15676.0,183,1,897.8,2537.96
15679.0,54,2,260.26,521.02
15680.0,266,1,478.89,854.79
15681.0,83,3,703.22,722.94
15683.0,17,1,193.75,0.0
15687.0,86,5,1679.45,1313.65
15689.0,19,2,254.1,0.0
15690.0,0,1,111.0,128.76
15691.0,152,1,136.8,0.0
15694.0,76,9,3305.78,3173.62
15695.0,166,2,409.98,0.0
15696.0,120,6,1637.9,1098.56
15700.0,72,2,696.68,0.0
15701.0,10,1,857.0,685.14
15703.0,164,1,211.5,0.0
15704.0,40,4,2293.62,0.0
15705.0,101,1,143.1,0.0
15706.0,16,1,450.05,610.51
15708.0,38,6,2700.43,663.8100000000001
15709.0,183,1,133.25,0.0
15712.0,9,3,766.3100000000001,306.05
15713.0,43,2,356.7,0.0
15716.0,45,4,1118.81,0.0
15717.0,134,1,150.3,0.0
15719.0,26,10,3553.5,1492.1100000000001
15722.0,8,3,1424.8,797.7600000000001
15723.0,264,1,203.1,0.0
15724.0,101,2,218.25,0.0
15727.0,7,6,4609.29,569.67
15729.0,112,1,85.0,0.0
15730.0,106,1,467.43,653.45
15732.0,112,2,294.12,0.0
15733.0,182,1,162.3,0.0
15734.0,14,2,1339.45,0.0
15737.0,47,5,897.9300000000001,307.19
15738.0,9,12,3558.4100000000003,1254.01
15743.0,13,2,434.05,350.41
15745.0,136,1,302.85,791.74
15746.0,34,1,196.88,0.0
15747.0,20,2,549.47,424.57
15749.0,135,3,44534.3,0.0
15750.0,70,4,1109.83,1355.65
15752.0,15,5,1623.63,1013.75
15753.0,204,1,79.2,0.0
15754.0,146,1,91.8,366.77
15755.0,8,3,1144.83,1219.42
15756.0,52,3,364.84,168.12
15757.0,117,1,261.36,453.06
15759.0,118,3,253.04,0.0
15764.0,7,5,3276.62,3.35
15768.0,15,3,621.8299999999999,0.0
15769.0,1,19,41863.72,14389.0
15775.0,145,1,104.9,0.0
15776.0,33,1,241.62,0.0
15777.0,141,4,1047.11,0.0
15780.0,83,3,475.28000000000003,0.0
15781.0,37,2,211.3,134.16
15785.0,57,4,1665.83,663.14
15786.0,14,1,3160.84,1771.36
15789.0,258,1,351.3,0.0
15791.0,104,1,1223.24,389.45000000000005
15793.0,168,1,306.64,658.97
15795.0,49,1,610.01,0.0
15796.0,9,5,1575.72,1135.8400000000001
15797.0,13,4,2207.4,0.0
15799.0,85,2,481.24,402.90000000000003
15800.0,7,2,699.08,0.0
15801.0,9,1,137.22,926.73
15802.0,42,1,451.42,0.0
15804.0,8,4,2076.91,2129.48
15805.0,6,11,3568.0,1960.48
15806.0,57,2,521.88,262.7
15808.0,206,4,3734.9700000000003,0.0
15809.0,84,4,399.21,116.56
15810.0,70,3,1361.19,30.79
15811.0,5,5,1773.8,444.82
15812.0,7,5,1801.14,0.0
15813.0,107,2,1303.9099999999999,0.0
15815.0,40,4,1874.7,225.9
15819.0,31,3,1585.47,319.98
15820.0,219,1,206.98,0.0
15822.0,259,1,440.2,445.27
15823.0,272,1,15.0,0.0
15825.0,72,1,532.94,0.0
15826.0,110,1,720.0,934.3100000000001
15827.0,14,13,1598.16,237.93
15829.0,40,1,325.44,310.7
15831.0,24,2,451.11,350.65
15832.0,154,1,836.79,0.0
15834.0,65,3,1791.82,441.93
15835.0,37,3,675.51,278.58
15838.0,8,12,14153.5,19489.58
15839.0,48,1,299.18,749.31
15840.0,72,1,241.74,113.82
15841.0,118,2,613.26,610.8000000000001
15843.0,203,1,118.95000000000002,0.0
15845.0,44,5,2526.76,1185.01
15847.0,188,1,180.68,208.59
15850.0,68,1,118.88,119.97
15852.0,86,2,160.71,0.0
15854.0,40,9,2393.69,580.96
15855.0,36,5,712.24,0.0
15856.0,0,15,10098.45,6289.12
15858.0,189,2,816.22,622.63
15860.0,24,5,654.28,322.93
15861.0,34,3,1130.0,2035.36
15862.0,12,3,659.73,173.15
15863.0,92,1,9.2,59.64
15864.0,77,2,414.26,1522.0600000000002
15865.0,113,1,313.93,581.2
15866.0,1,1,230.53,0.0
15867.0,13,12,2949.91,862.73
15869.0,177,2,149.64,0.0
15874.0,77,6,2207.75,2198.13
15880.0,269,1,343.28000000000003,0.0
15881.0,212,5,501.39000000000004,0.0
15882.0,98,4,516.36,0.0
15885.0,209,1,15.0,364.35
15889.0,56,2,446.87,0.0
15891.0,126,1,524.52,0.0
15894.0,153,2,263.55,0.0
15895.0,49,1,179.17,0.0
15897.0,94,2,222.05,0.0
15898.0,126,4,1002.99,385.89
15899.0,268,1,56.25,0.0
15901.0,54,1,110.49,253.39
15903.0,127,2,641.6400000000001,4485.12
15906.0,44,4,797.71,769.98
15907.0,76,2,529.52,437.93
15909.0,73,1,191.94,0.0
15910.0,107,4,550.61,681.57
15912.0,78,2,264.62,0.0
15916.0,91,5,848.53,679.5600000000001
15917.0,147,1,123.1,0.0
15918.0,90,2,334.23,0.0
15919.0,268,1,270.72,369.17
15920.0,54,4,167.5,0.0
15921.0,72,1,336.03000000000003,0.0
15922.0,273,1,369.5,0.0
15923.0,272,1,127.08,0.0
15925.0,94,1,207.15,0.0
15932.0,7,6,1885.95,609.92
15935.0,139,2,416.86,0.0
15938.0,12,5,404.58,0.0
15939.0,7,14,5860.25,254.76
15940.0,211,1,35.8,0.0
15942.0,33,1,337.44,0.0
15944.0,176,1,325.1,0.0
15945.0,265,1,181.0,0.0
15950.0,6,2,1091.38,674.13
15951.0,185,1,375.16999999999996,333.05
15952.0,59,2,327.8,478.77
15953.0,111,4,826.14,833.24
15955.0,6,8,2463.65,1952.6100000000001
15965.0,267,1,156.19,689.45
15967.0,218,1,173.8,245.03
15969.0,85,1,308.7,357.4
15970.0,203,1,314.1,0.0
15971.0,8,7,2109.45,2090.4
15973.0,266,1,307.82000000000005,0.0
15974.0,33,5,2547.13,895.02
15976.0,65,2,430.94,0.0
15980.0,154,1,760.18,1638.68
15981.0,37,6,2458.2,950.28
15983.0,260,3,1148.27,326.75
15984.0,0,7,1848.76,988.91
15985.0,23,2,1142.42,0.0
15987.0,20,6,1206.42,244.86
15990.0,187,1,401.37,390.74
15996.0,16,5,907.86,152.82
15998.0,71,3,2112.06,977.91
16003.0,34,3,1793.9,941.47
16005.0,82,2,298.08,317.31
16006.0,111,1,101.4,0.0
16007.0,80,2,733.45,968.49
16008.0,104,1,139.15,339.63
16009.0,59,1,462.19,530.52
16010.0,145,3,407.5,0.0
16011.0,19,10,1725.28,1637.43
16012.0,28,2,1132.12,283.17
16013.0,9,34,21587.739999999998,15542.86
16014.0,52,2,529.9300000000001,132.45000000000002
16016.0,96,4,817.57,691.19
16018.0,80,1,161.9,247.0
16019.0,36,7,2952.25,833.99
16022.0,160,1,628.28,0.0
16023.0,92,2,500.69,219.12
16027.0,37,5,776.22,158.4
16029.0,7,46,52387.24,28637.6
16030.0,209,1,331.24,0.0
16031.0,147,1,305.63,243.31
16033.0,8,16,5878.3,2938.1
16034.0,96,3,437.7,0.0
16036.0,163,1,188.73,570.19
16037.0,169,3,855.02,0.0
16038.0,77,2,393.33,78.45
16040.0,48,2,876.1800000000001,437.37
16041.0,41,2,2739.8,426.6
16042.0,7,2,460.28,736.99
16043.0,111,3,676.49,97.5
16045.0,19,4,1340.7,0.0
16048.0,273,2,256.44,0.0
16050.0,73,1,137.9,0.0
16053.0,22,1,1124.19,387.76
16054.0,45,1,783.9,0.0
16055.0,120,1,134.8,0.0
16057.0,111,3,1059.54,1203.58
16059.0,63,4,951.3000000000001,508.56
16062.0,33,3,778.14,375.48
16063.0,160,1,335.32,0.0
16065.0,265,1,372.09,0.0
16066.0,24,1,316.38,1205.49
16072.0,188,1,584.3199999999999,0.0
16073.0,197,1,122.39999999999999,0.0
16076.0,20,3,887.8000000000001,1346.93
16078.0,183,1,79.2,0.0
16080.0,174,1,130.26,86.9
16081.0,85,3,992.37,1814.53
16083.0,0,2,1317.62,0.0
16084.0,199,1,436.18,0.0
16085.0,136,2,325.04,656.47
16086.0,100,3,587.0600000000001,534.33
16091.0,54,2,315.06,0.0
16092.0,14,3,817.86,0.0
16093.0,6,1,17.0,0.0
16094.0,119,1,252.1,826.13
16096.0,164,1,320.62,0.0
16097.0,140,1,185.04999999999998,0.0
16098.0,28,6,1712.49,293.14
16099.0,37,2,592.1,139.8
16102.0,28,1,839.76,1002.38
16103.0,57,4,1156.4,273.24
16105.0,148,1,336.96,0.0
16107.0,3,3,1494.1200000000001,1710.04
16109.0,118,2,611.88,0.0
16110.0,162,2,693.93,643.55
16112.0,43,4,195.73999999999998,0.0
16113.0,83,1,161.38,0.0
16114.0,70,1,135.75000000000003,0.0
16115.0,17,5,931.68,736.29
16116.0,111,1,612.78,0.0
16117.0,89,1,232.21,0.0
16121.0,115,1,287.89,579.22
16122.0,12,3,550.26,134.16000000000003
16124.0,217,1,249.0,0.0
16125.0,267,1,289.35,0.0
16126.0,1,3,3706.7000000000003,2581.07
16128.0,43,2,694.7,1185.52
16131.0,15,4,2278.5,1228.04
16133.0,1,23,10619.27,3969.77
16134.0,259,1,283.53000000000003,334.56
16135.0,162,1,517.55,0.0
16136.0,177,1,159.3,550.08
16139.0,12,2,306.37,329.04
16140.0,271,1,124.14,601.04
16142.0,149,1,535.34,0.0
16143.0,8,5,1949.3600000000001,475.58000000000004
16144.0,146,1,175.2,0.0
16145.0,23,7,2282.3,1517.19
16146.0,57,3,734.13,0.0
16147.0,33,1,375.0,0.0
16148.0,196,1,76.32000000000001,0.0
16149.0,42,1,163.68,116.84
16150.0,28,3,1408.7,644.32
16152.0,168,1,1829.04,0.0
16153.0,15,4,1023.54,800.69
16156.0,51,5,1445.17,1676.8700000000001
16159.0,181,1,348.2,0.0
16161.0,40,12,3063.7,2511.86
16162.0,152,1,37.4,0.0
16163.0,132,2,856.6,0.0
16168.0,3,16,2361.2,1426.4
16170.0,12,5,1560.6599999999999,324.39
16172.0,30,3,800.35,339.86
16174.0,26,3,1009.5500000000001,0.0
16175.0,69,3,736.89,300.7
16178.0,38,1,197.9,0.0
16180.0,0,8,10254.18,0.0
16182.0,30,3,4844.0,1773.65
16184.0,5,5,985.8000000000001,172.99
16185.0,132,1,335.0,194.41
16186.0,3,9,2696.53,1310.41
16187.0,13,10,4601.32,2310.12
16188.0,41,3,755.03,226.83
16191.0,162,8,2615.68,2564.84
16193.0,136,1,314.45,0.0
16200.0,64,1,550.57,530.05
16201.0,9,1,303.8,1559.67
16202.0,260,1,365.27,0.0
16203.0,47,3,378.3,214.6
16205.0,79,1,112.35,649.03
16206.0,24,3,409.86,127.19999999999999
16208.0,189,1,497.59,166.67
16209.0,19,4,2116.9,145.72
16210.0,16,10,10904.08,10182.22
16212.0,183,1,498.15000000000003,192.19
16214.0,70,3,1062.75,0.0
16216.0,167,1,914.9300000000001,0.0
16217.0,135,2,304.25,0.0
16218.0,14,6,2635.48,449.2
16221.0,175,2,315.37,549.49
16222.0,218,1,846.72,0.0
16224.0,41,3,865.88,429.42
16225.0,49,4,953.64,142.68
16226.0,103,3,255.12,0.0
16227.0,125,1,314.22,0.0
16229.0,112,1,358.2,652.4
16230.0,89,2,542.03,0.0
16232.0,43,3,725.04,265.84
16233.0,229,2,326.5,210.18
16235.0,86,3,665.29,202.01999999999998
16239.0,89,1,347.9,66.3
16241.0,14,8,1507.8700000000001,1100.0
16242.0,65,3,846.59,2756.62
16244.0,111,2,1522.75,0.0
16245.0,21,2,769.7,643.96
16247.0,70,1,114.56,0.0
16249.0,12,4,1440.77,359.3
16250.0,161,2,389.44,0.0
16253.0,155,1,1700.4,1983.46
16255.0,31,6,1797.75,822.16
16256.0,166,1,752.4300000000001,0.0
16257.0,76,1,46.95,0.0
16258.0,27,4,3741.06,1462.45
16261.0,13,2,418.38,328.45
16265.0,10,7,4062.02,1384.98
16266.0,15,6,761.12,100.77
16270.0,253,1,1141.24,0.0
16271.0,26,3,893.03,536.21
16272.0,16,1,411.7,0.0
16274.0,273,1,357.95,0.0
16275.0,96,1,559.87,0.0
16276.0,76,1,810.6000000000001,0.0
16278.0,0,1,566.38,0.0
16279.0,76,1,359.08000000000004,1150.5
16282.0,239,1,168.3,0.0
16283.0,20,3,586.35,984.46
16287.0,69,1,142.5,0.0
16292.0,21,1,302.25,0.0
16293.0,107,4,1129.74,1119.25
16297.0,168,1,301.9,0.0
16298.0,86,1,114.3,483.90000000000003
16302.0,26,1,233.22,0.0
16303.0,15,2,4036.33,1324.3
16305.0,38,1,361.21999999999997,0.0
16306.0,113,6,632.27,0.0
16308.0,7,3,1600.0,960.0
16309.0,6,2,706.57,0.0
16315.0,230,1,226.37,0.0
16316.0,57,7,2212.81,726.1
16317.0,19,3,1341.65,0.0
16319.0,117,1,404.40000000000003,0.0
16320.0,72,2,1038.46,0.0
16321.0,205,3,223.65,150.0
16323.0,96,1,207.50000000000003,0.0
16324.0,28,3,428.68,0.0
16325.0,55,2,416.02000000000004,178.22
16326.0,17,7,1224.92,1886.04
16327.0,99,4,2469.64,1374.58
16330.0,12,2,48.96,202.95
16332.0,30,3,659.27,933.93
16333.0,23,17,14369.2,12257.6
16338.0,57,1,214.79999999999998,0.0
16339.0,184,1,109.95,0.0
16340.0,7,1,549.07,0.0
16341.0,101,1,797.65,1174.22
16342.0,7,3,283.71,38.7
16344.0,58,1,101.10000000000001,0.0
16348.0,28,4,775.14,694.31
16349.0,190,1,53.5,0.0
16350.0,233,1,376.7,739.77
16351.0,232,1,153.9,0.0
16353.0,3,13,3325.9100000000003,3349.8
16356.0,97,3,211.77,0.0
16357.0,62,2,257.95,400.93
16358.0,84,1,462.15000000000003,1565.3500000000001
16359.0,76,6,1246.83,504.09000000000003
16364.0,37,1,347.55,359.49
16365.0,23,7,862.56,677.8599999999999
16367.0,262,1,170.91,633.58
16369.0,96,1,354.45,1199.21
16370.0,17,3,953.11,367.45
16374.0,162,1,156.3,316.73
16377.0,167,1,676.2,0.0
16378.0,147,3,362.95,0.0
16383.0,168,1,309.46,358.90000000000003
16384.0,163,1,409.1,175.4
16385.0,58,2,274.85,281.04
16386.0,153,1,61.10000000000001,256.1
16387.0,222,1,94.36,0.0
16389.0,105,2,670.17,711.9
16392.0,169,1,221.19,0.0
16393.0,42,8,1506.63,1539.58
16394.0,71,3,933.1,622.24
16395.0,68,3,967.25,519.65
16398.0,54,2,1705.8,0.0
16399.0,135,1,178.41,230.16
16401.0,31,7,2455.42,1642.8999999999999
16402.0,164,2,299.6,0.0
16403.0,212,1,177.5,0.0
16405.0,202,2,167.25,0.0
16407.0,10,8,1529.62,597.31
16409.0,50,3,1039.27,989.61
16411.0,269,1,131.5,83.15
16414.0,180,1,50.8,75.45
16418.0,126,1,145.91,529.36
16419.0,12,6,972.23,0.0
16422.0,7,38,28566.72,6117.68
16424.0,91,1,133.56,0.0
16425.0,202,1,302.7,0.0
16426.0,176,1,328.37,1579.88
16427.0,163,2,241.06,0.0
16429.0,6,1,284.55,0.0
16431.0,113,3,642.81,0.0
16434.0,92,3,724.22,798.03
16440.0,114,1,272.46,3368.21
16441.0,191,1,211.0,170.2
16442.0,127,2,437.03,179.76
16444.0,94,2,240.08,414.59
16446.0,105,1,2.9,168469.6
16447.0,35,1,259.01,0.0
16448.0,98,1,188.89000000000001,0.0
16449.0,97,2,707.69,0.0
16450.0,49,1,311.92,0.0
16455.0,104,5,1133.78,707.4
16456.0,3,4,1700.77,457.6
16457.0,118,1,208.36,0.0
16458.0,6,11,2151.5,1331.24
16461.0,77,1,151.42,0.0
16462.0,85,2,68.0,68.0
16463.0,104,1,319.37,1103.03
16464.0,42,1,385.0,929.68
16466.0,3,5,1002.1800000000001,601.28
16469.0,146,2,276.88,373.55
16470.0,15,3,539.13,223.26
16471.0,174,1,223.95000000000002,0.0
16473.0,64,3,316.11,0.0
16474.0,45,1,355.57,1515.93
16475.0,43,3,459.3,85.0
16477.0,31,6,1999.26,495.2
16483.0,92,1,139.35,0.0
16484.0,73,2,404.3,0.0
16488.0,14,2,354.57,144.23000000000002
16493.0,73,3,782.29,569.34
16494.0,196,1,826.53,0.0
16495.0,176,2,246.51,437.9
16496.0,107,2,1185.04,414.48
16497.0,103,5,1550.7,1414.99
16498.0,61,2,100.97,0.0
16499.0,260,2,365.45,0.0
16500.0,230,1,165.0,235.86
16503.0,6,4,1431.93,0.0
16509.0,196,1,363.7,0.0
16510.0,272,1,248.1,0.0
16511.0,44,2,582.7,367.56
16515.0,50,3,987.61,639.52
16517.0,177,1,162.7,0.0
16518.0,184,1,190.7,293.62
16519.0,265,1,103.7,111.38
16520.0,86,3,1046.57,0.0
16523.0,15,12,4768.25,4650.22
16525.0,17,20,9998.55,3028.9
16526.0,71,1,290.36,0.0
16529.0,90,1,455.25,0.0
16531.0,27,4,684.53,560.06
16532.0,35,2,4516.8,2232.0
16536.0,10,1,548.97,0.0
16539.0,119,3,1053.61,335.2
16545.0,64,1,339.3,0.0
16546.0,190,2,787.15,0.0
16549.0,24,2,781.52,3373.12
16550.0,8,5,2298.97,0.0
16551.0,30,2,617.17,304.95
16552.0,142,2,379.73,0.0
16553.0,63,12,5719.82,0.0
16554.0,122,2,314.11,522.99
16555.0,9,1,151.98,133.91
16556.0,5,6,2556.37,757.42
16557.0,37,1,101.15,180.7
16558.0,21,13,4362.4,3976.09
16560.0,258,1,332.18,509.23
16565.0,264,1,173.7,0.0
16566.0,70,3,463.88,150.78
16567.0,94,2,865.6,0.0
16570.0,27,6,2134.07,1604.33
16571.0,76,2,896.79,524.9
16572.0,27,3,1009.6,0.0
16573.0,190,1,292.63,370.98
16581.0,82,1,105.84,0.0
16582.0,13,1,313.62,0.0
16583.0,273,1,233.45,0.0
16584.0,154,1,611.94,324.14
16586.0,148,1,463.95,0.0
16587.0,132,1,225.15,0.0
16589.0,6,2,214.68,244.56
16592.0,36,10,2214.33,1899.3500000000001
16593.0,89,2,255.5,74.53
16596.0,266,1,120.65,129.5
16598.0,185,1,145.04999999999998,0.0
16600.0,153,2,237.46,576.06
16607.0,28,10,2267.58,1080.1299999999999
16609.0,35,5,2710.04,2783.42
16610.0,119,1,75.66,0.0
16611.0,86,1,129.49,0.0
16612.0,19,3,870.3000000000001,317.36
16614.0,82,1,506.19,0.0
16616.0,57,1,210.10000000000002,290.32
16617.0,135,1,151.85,0.0
16618.0,110,4,1441.29,1206.3
16619.0,163,1,226.21,0.0
16620.0,160,1,95.75999999999999,83.2
16621.0,47,3,609.41,204.07000000000002
16623.0,145,1,129.45,0.0
16624.0,97,1,426.43,384.14
16625.0,174,1,333.08,0.0
16626.0,13,7,2165.34,2247.7599999999998
16628.0,6,4,1619.8400000000001,568.21
16633.0,14,3,1168.26,1714.8400000000001
16634.0,122,2,217.9,0.0
16637.0,23,2,530.55,623.92
16638.0,6,8,1429.71,251.01000000000002
16639.0,106,2,471.15000000000003,786.36
16641.0,5,1,231.10000000000002,0.0
16642.0,107,1,307.73,380.6
16643.0,145,1,487.51,0.0
16644.0,77,2,833.78,0.0
16647.0,69,2,214.06,0.0
16652.0,9,5,4525.87,2248.1
16654.0,41,4,601.27,0.0
16655.0,31,3,1868.89,1925.63
16656.0,20,10,6257.0,2368.8
16657.0,48,2,446.11,487.51
16658.0,268,1,123.24,0.0
16659.0,89,1,39.12,0.0
16660.0,110,2,384.36,883.29
16665.0,262,1,135.39999999999998,0.0
16667.0,184,1,203.35,366.78
16668.0,16,5,266.52,40.199999999999996
16670.0,6,8,3239.9700000000003,855.93
16671.0,64,1,1382.88,309.39
16672.0,12,16,6303.74,1831.2
16676.0,113,3,1098.5,493.62
16678.0,19,7,1830.34,1279.6499999999999
16679.0,266,1,129.75,0.0
16681.0,44,4,1332.68,437.65999999999997
16682.0,58,2,626.3,401.7
16684.0,33,18,33883.5,32770.06
16686.0,3,5,2065.52,997.31
16690.0,101,1,86.5,139.07999999999998
16692.0,156,2,1276.0,0.0
16693.0,171,1,157.56,324.45
16696.0,35,4,657.9000000000001,0.0
16697.0,141,1,112.75,0.0
16698.0,126,2,1998.0,0.0
16700.0,21,10,4095.95,980.6
16701.0,29,10,4050.42,1347.8799999999999
16705.0,44,9,8194.43,5840.56
16706.0,14,1,291.53,239.82
16709.0,99,4,1984.5900000000001,1045.28
16710.0,38,7,1843.89,639.15
16711.0,40,3,909.87,741.16
16712.0,8,7,2017.06,1628.3700000000001
16713.0,15,11,3970.77,2952.36
16714.0,118,3,1161.53,0.0
16716.0,166,2,901.2,0.0
16717.0,62,3,1136.16,2722.2200000000003
16718.0,269,1,623.75,0.0
16719.0,48,5,1286.43,503.99
16721.0,162,1,292.47,0.0
16722.0,6,9,3234.5,1496.31
16723.0,7,1,424.15,165.0
16725.0,202,7,781.02,0.0
16726.0,96,4,795.19,586.83
16727.0,264,1,272.82,0.0
16728.0,66,3,550.0,504.67
16729.0,14,16,5016.45,2223.47
16730.0,134,2,480.94,262.17
16734.0,14,2,306.15999999999997,344.35
16735.0,139,2,1097.92,1202.64
16738.0,197,1,3.75,0.0
16739.0,76,1,323.0,0.0
16743.0,13,6,1885.8600000000001,352.23
16744.0,45,2,241.69,1063.07
16745.0,19,15,5910.93,1283.37
16746.0,0,12,4421.08,2276.58
16748.0,117,3,910.2,605.7
16750.0,21,3,416.12,207.81
16752.0,272,1,207.5,0.0
16754.0,272,1,2002.4,0.0
16755.0,14,3,1496.83,0.0
16756.0,114,1,239.4,0.0
16757.0,218,1,106.83000000000001,0.0
16762.0,44,1,314.15000000000003,1187.23
16763.0,98,1,611.85,0.0
16764.0,26,3,522.0600000000001,2277.19
16765.0,194,1,34.0,0.0
16766.0,173,2,1145.6,0.0
16767.0,13,6,4234.36,1346.24
16768.0,3,2,286.49,191.6
16769.0,160,1,380.39,0.0
16770.0,136,4,656.48,113.62
16771.0,175,3,1655.95,590.86
16774.0,16,3,542.2,119.32
16775.0,22,8,1174.55,521.11
16777.0,157,1,177.25,49.1
16778.0,174,1,93.18,152.76
16779.0,6,15,6394.7300000000005,4234.99
16780.0,0,2,425.19,0.0
16781.0,272,1,311.25,0.0
16782.0,38,9,1642.3500000000001,637.5500000000001
16788.0,23,2,597.48,0.0
16791.0,22,5,800.27,921.51
16792.0,182,2,110.38000000000001,0.0
16794.0,8,4,628.5,594.21
16795.0,265,1,414.88,0.0
16801.0,63,4,1619.73,0.0
16804.0,170,1,118.05,418.94
16805.0,73,2,460.59,0.0
16806.0,3,4,801.49,0.0
16807.0,42,3,1121.59,0.0
16808.0,174,1,166.5,121.92
16809.0,36,3,470.69,444.0
16810.0,92,1,309.54,0.0
16812.0,260,1,479.35,0.0
16813.0,13,6,1062.18,630.8
16814.0,8,16,5206.69,1302.41
16816.0,3,4,417.06,0.0
16817.0,85,7,1179.43,425.32
16818.0,6,8,2102.4,1247.17
16823.0,127,1,358.38,0.0
16824.0,64,1,222.9,237.74
16825.0,85,1,318.7,456.48
16828.0,12,1,113.5,15.0
16829.0,56,1,197.22,0.0
16832.0,84,3,199.15,0.0
16833.0,159,3,671.29,435.24
16834.0,127,1,413.46,0.0
16835.0,28,2,180.85,0.0
16836.0,16,1,91.32000000000001,160.55
16837.0,57,9,1911.74,1259.24
16838.0,97,2,588.85,0.0
16839.0,9,22,10869.28,5725.07
16841.0,37,5,1561.06,308.76
16842.0,0,3,1264.19,0.0
16843.0,34,11,7371.6,2824.9700000000003
16849.0,86,1,124.57,0.0
16850.0,233,1,332.41,0.0
16852.0,76,1,113.06,31.85
16858.0,268,1,375.69000000000005,0.0
16859.0,44,2,747.81,0.0
16861.0,58,1,70.80000000000001,102.96
16863.0,266,1,164.25,338.55
16866.0,40,3,207.73999999999998,0.0
16869.0,65,2,387.68,437.74
16871.0,110,4,2037.82,774.52
16872.0,5,2,464.68000000000006,215.34000000000003
16873.0,27,4,3871.4700000000003,3252.15
16875.0,44,4,1138.2,957.33
16877.0,52,2,188.98,664.74
16880.0,26,5,856.91,662.17
16882.0,139,2,215.70000000000002,489.41999999999996
16883.0,87,2,276.73,0.0
16885.0,257,1,190.65,280.86
16889.0,94,3,1578.67,0.0
16891.0,41,2,437.92,371.78000000000003
16892.0,83,1,102.97999999999999,422.56
16893.0,266,1,145.93,0.0
16897.0,199,2,289.78,0.0
16898.0,77,2,319.46999999999997,189.34
16899.0,49,3,510.18,771.38
16902.0,16,1,1706.88,0.0
16904.0,8,13,3034.07,720.2
16905.0,136,3,853.93,2248.5
16906.0,86,3,394.94,184.83
16907.0,48,4,711.88,269.77
16912.0,34,7,1558.38,1017.0
16913.0,190,1,113.44,0.0
16915.0,27,4,382.39000000000004,239.29
16916.0,272,1,198.08,378.18
16917.0,176,1,391.52,0.0
16918.0,59,2,523.03,545.79
16919.0,56,11,2596.45,0.0
16923.0,52,13,4398.54,2849.07
16926.0,271,1,230.25,0.0
16927.0,15,3,543.05,0.0
16928.0,1,14,2204.25,643.3499999999999
16929.0,27,2,428.88,866.51
16931.0,3,14,2918.8,1685.42
16933.0,139,1,224.73,338.5
16938.0,79,3,2410.75,325.63
16940.0,69,2,1868.36,1181.52
16942.0,36,7,1449.14,471.45
16943.0,111,3,816.73,0.0
16945.0,13,12,2705.21,1640.29
16947.0,135,1,406.48,0.0
16948.0,38,3,435.02,0.0
16949.0,85,4,893.75,392.52
16950.0,24,2,778.41,400.15
16951.0,34,3,1277.75,0.0
16952.0,9,2,167.61,0.0
16954.0,24,4,1245.3799999999999,839.7
16955.0,84,4,518.67,0.0
16957.0,139,2,416.64,0.0
16960.0,152,1,201.53,305.52
16961.0,16,1,234.17,0.0
16963.0,87,1,110.55000000000001,0.0
16965.0,126,1,201.19,0.0
16966.0,70,4,1486.56,668.41
16967.0,89,1,319.02,0.0
16968.0,7,1,253.31,186.12
16969.0,34,2,478.96000000000004,171.45
16976.0,167,1,251.51999999999998,0.0
16979.0,47,2,555.65,1296.35
16980.0,155,2,1078.96,0.0
16983.0,80,4,885.22,1046.03
16984.0,30,1,3226.13,1255.22
16985.0,57,7,3578.54,1885.58
16987.0,70,3,629.45,995.6
16989.0,50,1,857.7,275.54999999999995
16990.0,118,1,179.0,0.0
16992.0,99,2,671.15,943.1600000000001
16996.0,21,5,1041.78,415.18
16997.0,188,3,702.0,0.0
16998.0,49,4,295.0,0.0
17001.0,13,7,2471.09,1518.48
17002.0,115,2,993.52,500.21
17007.0,55,5,575.44,314.49
17015.0,85,1,524.5,1318.06
17017.0,62,14,5431.28,3262.98
17018.0,225,1,405.0,515.1
17019.0,161,3,995.93,276.68
17024.0,57,1,31.25,64.6
17025.0,273,2,160.97,196.8
17026.0,85,2,154.82999999999998,0.0
17027.0,79,4,655.88,234.41
17029.0,10,2,716.0,0.0
17031.0,54,1,225.95,154.4
17033.0,114,2,608.1,422.04
17034.0,187,1,141.79999999999998,603.72
17035.0,145,2,433.53000000000003,0.0
17040.0,37,1,449.73,0.0
17041.0,8,2,750.89,330.68
17042.0,21,4,922.8199999999999,121.56
17043.0,78,2,324.96999999999997,1410.21
17045.0,13,3,339.44,0.0
17046.0,57,1,642.02,0.0
17047.0,105,2,749.4300000000001,351.47
17048.0,17,3,925.35,0.0
17049.0,17,5,2606.65,3053.33
17050.0,87,5,2660.59,568.25
17051.0,94,1,247.14000000000001,0.0
17053.0,30,1,498.48,0.0
17054.0,37,4,1207.32,149.01
17058.0,99,2,819.66,360.23
17059.0,10,4,2250.1,844.94
17060.0,166,1,234.24,0.0
17061.0,10,10,4658.83,573.4
17062.0,213,4,538.37,0.0
17063.0,63,4,671.87,789.27
17064.0,82,2,461.3,398.05
17068.0,10,15,3281.4900000000002,1270.65
17069.0,55,5,1495.79,1213.91
17070.0,14,1,312.14,0.0
17071.0,34,6,1402.42,1026.6100000000001
17073.0,9,1,453.79,992.3
17075.0,153,3,696.07,138.05
17076.0,173,2,334.2,506.88
17080.0,169,1,76.32000000000001,211.29999999999998
17082.0,218,1,636.94,1366.91
17083.0,9,3,1405.78,0.0
17085.0,23,5,1566.65,0.0
17088.0,82,2,1399.1100000000001,591.9
17090.0,127,3,649.05,1394.9
17091.0,85,5,1994.41,1833.3500000000001
17092.0,26,2,633.07,1144.71
17094.0,222,1,302.0,0.0
17095.0,199,2,543.96,780.1999999999999
17096.0,43,2,443.94,578.19
17097.0,0,6,639.53,314.89
17101.0,78,1,230.57999999999998,1391.15
17102.0,161,1,25.5,0.0
17105.0,59,2,665.78,0.0
17107.0,55,3,6334.06,4481.37
17109.0,132,2,464.59000000000003,420.45
17110.0,65,1,163.29999999999998,0.0
17114.0,38,6,603.59,205.03
17115.0,82,2,612.82,224.68
17117.0,188,1,116.19999999999999,0.0
17118.0,217,1,157.02,0.0
17120.0,133,1,307.46,0.0
17122.0,19,1,138.32,0.0
17123.0,61,1,345.29999999999995,0.0
17124.0,85,1,298.89,0.0
17126.0,52,5,1004.75,0.0
17128.0,234,1,157.09,0.0
17133.0,90,3,2478.79,2413.4500000000003
17134.0,6,2,425.0,0.0
17135.0,189,2,500.55,639.18
17138.0,175,1,380.5,0.0
17139.0,22,7,6851.82,3816.65
17140.0,147,1,465.32,0.0
17142.0,139,1,579.0,0.0
17146.0,5,3,749.78,0.0
17147.0,106,2,973.11,741.48
17152.0,94,3,1689.5,0.0
17155.0,77,1,143.3,108.39999999999999
17157.0,76,1,161.46,157.54000000000002
17158.0,132,2,698.55,568.42
17159.0,71,1,528.45,1010.43
17160.0,9,5,3001.18,516.85
17162.0,31,9,1463.66,251.8
17164.0,51,3,1270.42,1196.93
17165.0,184,1,158.68,0.0
17166.0,103,1,127.59,78.75
17169.0,83,1,308.68,527.1
17171.0,189,1,224.91,0.0
17173.0,16,2,961.26,2805.34
17174.0,117,1,59.9,0.0
17175.0,41,3,1132.6299999999999,311.06
17176.0,101,1,306.13,0.0
17179.0,78,3,711.79,0.0
17180.0,141,3,564.86,231.17
17181.0,273,1,155.52,84.39999999999999
17183.0,5,1,329.67,3017.64
17187.0,126,1,203.95,0.0
17188.0,64,5,1815.09,659.14
17189.0,6,2,384.40000000000003,0.0
17190.0,107,1,195.0,249.74
17191.0,91,5,1175.7,919.4300000000001
17193.0,76,2,448.56000000000006,1250.74
17194.0,173,2,262.62,0.0
17198.0,265,2,521.66,170.56
17204.0,75,4,1564.56,0.0
17211.0,80,6,1464.89,852.33
17212.0,153,1,226.85,0.0
17213.0,41,5,1780.01,1001.22
17214.0,149,4,613.67,455.45
17217.0,134,1,113.5,0.0
17218.0,114,5,948.58,1012.14
17220.0,26,8,2172.4,1025.85
17223.0,210,2,426.79,0.0
17226.0,208,1,393.49,0.0
17227.0,72,3,473.75,465.57000000000005
17228.0,107,4,687.58,1218.51
17229.0,42,1,157.71,161.05
17230.0,164,8,3638.41,0.0
17231.0,26,7,1938.72,1235.6
17234.0,82,1,149.89000000000001,0.0
17235.0,272,1,341.9,208.16
17236.0,79,5,697.73,218.4
17238.0,36,11,1959.92,1784.73
17239.0,212,1,382.5,0.0
17242.0,8,2,1135.04,0.0
17243.0,13,15,4012.67,4664.18
17245.0,104,1,171.45,0.0
17248.0,20,1,318.65,0.0
17250.0,161,1,162.65,221.87
17251.0,262,1,283.28000000000003,0.0
17252.0,16,2,353.86,0.0
17255.0,199,1,112.46,185.95
17256.0,7,2,240.0,0.0
17259.0,48,2,603.37,0.0
17262.0,127,4,955.3600000000001,298.0
17263.0,108,1,63.440000000000005,0.0
17265.0,38,2,562.9,0.0
17266.0,47,1,113.06,197.58
17267.0,27,2,317.62,0.0
17268.0,7,4,763.64,0.0
17272.0,99,2,1409.44,739.1899999999999
17277.0,127,2,1065.3500000000001,0.0
17278.0,141,1,246.04,0.0
17282.0,30,3,1703.41,0.0
17284.0,20,5,1494.1399999999999,158.44
17287.0,43,5,702.41,361.7
17288.0,107,5,663.7,756.03
17289.0,80,1,167.35999999999999,777.05
17291.0,208,1,550.8000000000001,0.0
17293.0,19,5,867.03,1008.08
17298.0,1,2,498.42,0.0
17299.0,0,2,268.19,400.91999999999996
17302.0,22,3,661.61,474.02
17303.0,261,1,250.04,0.0
17306.0,28,14,6123.32,2507.9900000000002
17311.0,216,1,556.46,828.39
17312.0,38,3,644.3,0.0
17314.0,48,5,1506.92,1021.0
17315.0,0,30,4369.04,1923.22
17320.0,0,3,1200.6200000000001,0.0
17323.0,24,4,537.25,383.82
17324.0,231,2,702.23,288.0
17325.0,180,1,96.8,0.0
17329.0,215,1,243.36,279.75
17331.0,23,1,175.2,0.0
17334.0,202,2,307.02,0.0
17337.0,51,4,2027.8700000000001,0.0
17338.0,14,7,5207.02,1436.91
17339.0,265,1,60.0,183.36
17340.0,20,7,7593.65,4759.64
17341.0,56,3,781.36,0.0
17343.0,255,1,193.64,0.0
17345.0,96,2,128.33,409.40999999999997
17346.0,3,8,1266.21,1410.35
17348.0,197,1,160.15,999.37
17349.0,79,1,110.75,0.0
17351.0,69,2,427.3,159.85
17353.0,29,2,1740.0,0.0
17356.0,211,1,178.22,0.0
17358.0,203,2,365.85,0.0
17360.0,84,1,330.95,254.84
17361.0,86,2,263.92,224.28
17362.0,139,2,312.23,0.0
17364.0,37,6,2633.81,1847.37
17365.0,69,5,2371.01,2430.55
17367.0,138,1,168.4,0.0
17368.0,73,5,1614.87,297.8
17370.0,69,1,110.69999999999999,335.48
17371.0,261,1,97.63,326.26
17372.0,66,6,1061.13,281.55
17373.0,34,2,287.3,359.62
17374.0,118,2,495.77,0.0
17375.0,99,3,400.1,0.0
17376.0,211,1,105.85,97.35
17377.0,26,9,2045.38,2055.54
17381.0,19,23,16875.65,3399.96
17384.0,119,1,227.65,108.75
17386.0,13,3,1541.4,1145.02
17388.0,31,3,953.0300000000001,306.53000000000003
17389.0,21,24,8912.78,22920.899999999998
17391.0,63,2,508.8,0.0
17392.0,206,2,457.91,0.0
17394.0,119,1,203.86999999999998,0.0
17396.0,48,6,4801.8,2529.0
17398.0,14,3,653.38,0.0
17400.0,26,5,2129.96,0.0
17402.0,1,8,1732.45,901.4
17404.0,23,10,21004.3,10902.52
17405.0,50,1,393.31,638.1
17406.0,233,3,2200.42,0.0
17408.0,63,1,32.65,0.0
17409.0,84,2,771.85,0.0
17410.0,115,1,302.4,912.3199999999999
17411.0,161,1,285.58,493.36
17412.0,96,4,709.82,548.24
17414.0,84,1,598.0,180.0
17416.0,9,5,5294.49,1598.93
17418.0,223,1,167.39000000000001,296.07
17419.0,43,8,2660.0,1566.57
17420.0,71,2,391.51,207.32
17422.0,42,4,1296.18,683.19
17423.0,117,1,449.42,248.99
17426.0,75,3,3279.23,1758.03
17428.0,10,20,10661.09,6595.76
17429.0,28,3,524.9200000000001,0.0
17430.0,265,1,112.6,153.16
17431.0,213,1,403.3,0.0
17436.0,126,1,122.39999999999999,93.89999999999999
17438.0,153,1,388.45000000000005,0.0
17440.0,56,3,186.42000000000002,0.0
17442.0,21,4,1590.45,658.11
17443.0,119,1,534.24,0.0
17444.0,47,3,2940.04,0.0
17446.0,76,2,120.9,0.0
17449.0,134,3,1322.69,1198.17
17450.0,8,22,85770.34,108780.45
17451.0,5,1,346.01,1375.39
17454.0,92,4,517.53,0.0
17455.0,103,1,131.7,0.0
17456.0,265,1,249.86,0.0
17457.0,26,5,1737.7,0.0
17460.0,125,5,462.58000000000004,159.85000000000002
17462.0,184,1,463.40999999999997,212.28
17463.0,76,3,1245.64,650.77
17464.0,58,1,289.96000000000004,0.0
17469.0,8,3,1050.27,820.7
17470.0,27,4,816.47,308.6
17472.0,91,3,710.29,0.0
17483.0,34,2,274.74,139.3
17486.0,161,1,396.87,0.0
17489.0,112,1,208.56,168.07999999999998
17490.0,76,1,305.2,1787.12
17491.0,33,5,1660.31,1898.56
17492.0,148,1,374.57,0.0
17496.0,258,1,271.05,0.0
17499.0,189,1,622.88,0.0
17501.0,120,2,288.6,0.0
17504.0,106,9,2997.0299999999997,0.0
17505.0,61,2,1145.84,0.0
17507.0,161,2,605.58,0.0
17508.0,180,1,387.31,0.0
17511.0,14,20,56175.47,34886.91
17512.0,21,8,1891.9,1033.09
17514.0,28,1,208.65,0.0
17515.0,106,3,571.37,67.65
17516.0,19,4,608.85,159.23
17517.0,208,1,153.94,0.0
17519.0,33,5,1488.0,356.02
17521.0,99,1,159.56,563.65
17522.0,38,4,912.25,158.45999999999998
17524.0,261,1,145.0,0.0
17525.0,259,1,422.70000000000005,0.0
17526.0,190,3,872.8,323.1
17527.0,9,2,606.62,332.75
17530.0,106,6,1367.86,1017.14
17531.0,90,1,296.7,0.0
17535.0,180,1,164.4,0.0
17536.0,77,1,76.5,0.0
17537.0,203,1,630.7,266.92
17540.0,216,1,268.8,310.1
17542.0,169,1,170.75,0.0
17548.0,133,1,103.3,0.0
17550.0,97,3,267.16,0.0
17551.0,259,1,306.84,0.0
17552.0,272,2,298.52,631.89
17553.0,29,1,1487.6,0.0
17554.0,22,2,1249.89,702.5600000000001
17555.0,234,1,195.45,287.81
17556.0,105,1,157.9,0.0
17560.0,55,3,705.83,149.12
17562.0,9,4,661.1,461.28000000000003
17567.0,49,5,2335.05,1996.43
17569.0,232,1,344.14,0.0
17571.0,45,3,561.2,937.31
17572.0,138,2,152.20000000000002,74.55
17574.0,142,1,185.65,0.0
17576.0,6,13,2181.4,1441.28
17578.0,118,1,143.45999999999998,0.0
17579.0,37,2,270.86,178.04
17580.0,152,3,215.72,0.0
17581.0,9,17,6522.29,4522.75
17582.0,136,1,175.27,0.0
17584.0,27,1,749.45,492.85
17585.0,9,4,1133.07,0.0
17588.0,0,3,1240.2,0.0
17589.0,51,3,1843.07,561.1
17591.0,22,6,1863.17,362.8
17593.0,44,3,2263.52,1663.82
17594.0,154,1,315.0,678.18
17596.0,36,4,1738.73,1089.2
17597.0,113,1,2044.3700000000001,0.0
17601.0,139,1,116.00999999999999,0.0
17602.0,24,2,909.5500000000001,4193.42
17604.0,117,2,309.36,0.0
17609.0,202,2,537.6899999999999,574.53
17611.0,23,9,2724.25,1259.97
17612.0,12,4,1338.87,709.58
17613.0,17,9,2991.29,1567.8600000000001
17615.0,30,3,329.6,0.0
17616.0,73,3,571.1999999999999,0.0
17618.0,148,2,666.78,304.8
17619.0,212,1,218.52,0.0
17621.0,212,2,901.78,478.12
17624.0,118,1,400.3,443.18
17625.0,40,2,1234.78,812.22
17629.0,20,5,798.38,1015.74
17630.0,69,2,503.59999999999997,0.0
17631.0,37,2,416.5,111.83
17633.0,3,2,648.61,676.23
17634.0,22,6,1920.66,441.31
17637.0,15,1,338.95,208.11
17639.0,176,1,108.5,0.0
17642.0,19,2,712.29,0.0
17643.0,273,1,101.55,0.0
17644.0,20,7,1625.63,1270.01
17646.0,119,3,1008.39,0.0
17648.0,92,3,1107.39,690.11
17649.0,38,1,868.49,0.0
17651.0,55,4,1148.01,2796.9900000000002
17652.0,44,6,2713.57,2154.15
17653.0,20,1,163.24,1044.32
17654.0,177,1,117.55,0.0
17655.0,16,5,1903.3300000000002,735.61
17656.0,6,3,927.65,747.04
17658.0,111,1,317.59999999999997,277.82
17659.0,0,9,1653.03,1346.43
17660.0,41,1,196.0,0.0
17663.0,54,4,1016.53,786.38
17664.0,112,1,326.19,278.45
17667.0,61,4,1751.01,304.5
17669.0,22,5,2433.22,973.5
17670.0,127,1,205.7,0.0
17671.0,57,3,1098.55,474.16
17672.0,209,1,1177.8400000000001,2000.33
17673.0,62,4,1209.77,419.35
17674.0,268,1,300.66,250.38
17675.0,1,23,14074.19,6300.09
17676.0,9,4,730.84,656.84
17677.0,0,20,11684.35,4678.88
17678.0,163,1,298.11,0.0
17682.0,15,5,1899.3500000000001,574.98
17685.0,166,5,1512.72,1678.81
17686.0,20,5,4589.35,1150.1100000000001
17690.0,1,11,3526.68,1231.27
17691.0,258,2,290.40000000000003,0.0
17692.0,27,4,740.9399999999999,0.0
17693.0,37,1,200.47,0.0
17694.0,41,1,283.12,0.0
17695.0,31,2,765.34,0.0
17696.0,8,7,1915.5900000000001,370.12
17697.0,136,1,338.95,0.0
17698.0,160,1,154.95,0.0
17700.0,113,2,1125.57,1409.07
17701.0,152,1,417.95,0.0
17702.0,8,3,1338.77,485.6
17703.0,9,2,490.96,307.78
17704.0,68,2,885.19,0.0
17705.0,6,6,968.0,855.52
17706.0,0,12,8027.5,2476.9900000000002
17707.0,85,2,152.4,0.0
17708.0,87,2,267.08,0.0
17709.0,69,1,137.45,0.0
17711.0,189,1,220.53000000000003,164.57
17714.0,220,1,153.0,0.0
17715.0,100,1,326.4,0.0
17716.0,23,4,3436.76,2219.23
17718.0,132,1,139.35,0.0
17719.0,6,12,4477.4,918.64
17720.0,13,3,887.6,308.34
17722.0,89,3,2100.88,323.16
17723.0,27,6,3276.4000000000005,0.0
17724.0,38,1,373.1,659.9
17725.0,0,8,2507.12,931.9599999999999
17730.0,6,8,3055.77,2242.71
17731.0,28,3,963.74,276.37
17732.0,272,1,303.97,0.0
17733.0,161,1,216.95000000000002,475.24
17734.0,36,2,540.21,160.42
17735.0,8,15,10219.99,2890.03
17736.0,13,1,307.49,69.95
17738.0,48,3,1571.49,307.56
17739.0,96,3,1070.77,1720.58
17742.0,13,2,355.11,0.0
17744.0,150,4,1288.96,1033.44
17746.0,140,1,110.25,0.0
17747.0,12,1,71.4,0.0
17749.0,78,2,674.52,0.0
17750.0,13,4,1079.72,717.85
17752.0,259,1,80.64,0.0
17754.0,42,2,575.06,1197.2
17757.0,14,20,3320.4500000000003,2284.84
17758.0,52,4,1436.2,2020.5
17759.0,69,2,167.15,667.84
17760.0,273,1,172.54,115.05
17763.0,163,1,15.0,0.0
17764.0,111,1,261.97,556.85
17765.0,58,3,371.88,0.0
17768.0,66,1,411.33,1861.8500000000001
17769.0,38,4,1828.73,2169.25
17770.0,98,5,1143.27,0.0
17771.0,223,1,115.8,130.01
17774.0,45,3,989.87,235.54
17775.0,154,1,56.4,0.0
17777.0,0,1,194.7,471.16
17779.0,43,1,323.09,335.48
17781.0,59,2,188.02,0.0
17783.0,147,1,112.41,171.06
17786.0,217,1,114.85,163.89
17787.0,52,4,1865.19,0.0
17788.0,29,1,16.7,1101.2
17789.0,181,1,225.9,0.0
17790.0,20,12,1363.51,602.04
17795.0,79,2,350.39,0.0
17796.0,213,3,622.0,75.9
17797.0,82,1,272.41,508.02
17799.0,63,8,2144.2599999999998,911.67
17800.0,17,6,765.3,433.71000000000004
17802.0,80,2,632.4200000000001,652.62
17809.0,29,8,2856.71,2555.2
17811.0,12,23,4681.26,3156.4700000000003
17812.0,268,1,217.54999999999998,514.61
17816.0,169,2,21.31,15.25
17817.0,177,2,269.7,117.97999999999999
17819.0,82,6,3468.47,236.39999999999998
17827.0,142,4,1583.81,411.65
17828.0,9,3,1076.66,743.43
17829.0,198,1,889.24,0.0
17830.0,161,2,287.65000000000003,111.05
17837.0,48,3,376.51,1216.8700000000001
17838.0,192,3,1687.7,1091.6
17841.0,3,78,22365.04,18626.53
17843.0,203,1,205.48,0.0
17844.0,6,1,51.559999999999995,0.0
17848.0,28,8,821.5999999999999,79.6
17849.0,118,4,605.8000000000001,0.0
17850.0,272,34,5391.21,0.0
17854.0,85,2,311.26,0.0
17855.0,272,1,208.97,0.0
17856.0,133,3,1142.63,275.4
17857.0,9,13,13692.92,13186.12
17858.0,16,9,3656.25,1499.41
17859.0,204,1,148.21,0.0
17860.0,268,1,252.8,0.0
17861.0,36,5,1301.57,799.23
17862.0,223,1,330.9,0.0
17863.0,45,4,1785.28,1374.72
17864.0,175,1,208.41,389.09000000000003
17865.0,7,12,7017.34,3508.98
17866.0,42,1,329.65,0.0
17867.0,43,4,957.48,239.62
17869.0,7,5,428.18,0.0
17870.0,23,6,603.22,1291.13
17871.0,104,1,155.9,0.0
17873.0,84,4,1587.1200000000001,272.04
17874.0,85,6,683.46,0.0
17877.0,70,1,237.61,0.0
17879.0,73,1,178.51999999999998,0.0
17880.0,264,1,458.92,0.0
17881.0,204,1,133.35000000000002,0.0
17883.0,146,1,119.35,552.42
17884.0,211,3,602.84,114.61
17886.0,110,2,396.26,503.35
17887.0,29,1,111.35,0.0
17888.0,61,4,307.05,419.0
17889.0,112,2,203.87,0.0
17890.0,222,2,602.09,0.0
17891.0,62,1,203.85999999999999,0.0
17892.0,55,1,142.1,102.0
17893.0,125,1,112.25,0.0
17894.0,185,6,867.85,251.96
17897.0,72,3,566.6,0.0
17898.0,107,1,99.84,52.22
17899.0,59,1,155.8,0.0
17900.0,90,2,112.19999999999999,0.0
17905.0,56,3,618.99,181.25
17906.0,147,1,72.9,0.0
17908.0,273,1,243.28,0.0
17912.0,210,5,311.01,0.0
17913.0,255,1,218.05,193.54999999999998
17917.0,156,2,230.46,110.82
17920.0,5,9,2406.82,1797.28
17921.0,48,3,601.76,224.76
17923.0,182,1,207.50000000000003,0.0
17924.0,201,2,502.20000000000005,2460.3
17925.0,272,1,244.08,0.0
17926.0,33,2,397.29,0.0
17928.0,146,1,78.25999999999999,134.28
17929.0,12,3,707.0,136.0
17930.0,62,2,694.14,1046.34
17931.0,34,2,408.36,0.0
17932.0,73,2,934.51,397.06
17935.0,38,2,145.79,0.0
17937.0,14,5,3614.52,686.7
17939.0,59,1,99.14,0.0
17940.0,8,9,3914.44,192.0
17941.0,30,1,304.56,0.0
17946.0,133,2,149.57999999999998,0.0
17948.0,47,1,358.56000000000006,0.0
17949.0,0,29,45325.6,13184.88
17950.0,265,2,263.17,219.03
17951.0,258,2,409.50000000000006,599.0400000000001
17954.0,23,10,1890.21,442.51
17955.0,98,4,557.3,0.0
17956.0,149,1,12.75,0.0
17958.0,16,1,508.4599999999999,0.0
17960.0,71,1,73.78,0.0
17961.0,23,31,1179.62,116.82
17962.0,42,1,102.83,0.0
17964.0,272,1,261.76,209.94
17965.0,34,10,1893.98,728.59
17966.0,51,4,594.43,504.0
17967.0,271,1,123.07,0.0
17968.0,273,1,277.35,0.0
17969.0,66,2,228.2,0.0
17970.0,111,1,582.59,0.0
17972.0,141,1,136.04,0.0
17974.0,119,1,172.77,568.02
17975.0,14,11,3956.0,532.81
17976.0,272,1,353.19,0.0
17978.0,265,1,300.91999999999996,0.0
17979.0,68,3,504.54,253.17
17980.0,65,3,811.45,0.0
17984.0,45,1,152.68,0.0
17987.0,85,1,198.57,0.0
17988.0,17,5,146.0,55.12
17990.0,136,3,630.84,0.0
17991.0,125,2,93.35,0.0
17994.0,21,4,678.49,0.0
17995.0,181,1,76.1,0.0
17997.0,33,4,1276.72,693.95
17999.0,266,1,190.34,191.72
18004.0,262,1,169.47,0.0
18008.0,103,7,2065.41,50.78
18009.0,135,1,257.34,0.0
18010.0,156,1,174.8,0.0
18011.0,273,1,102.78999999999999,0.0
18013.0,55,2,187.29,0.0
18016.0,86,3,488.76,994.8
18017.0,69,2,344.0,179.0
18018.0,8,2,122.14,0.0
18024.0,52,2,389.78,0.0
18032.0,234,1,73.5,0.0
18036.0,5,2,254.54,151.07999999999998
18037.0,54,6,70.02,0.0
18040.0,145,1,239.0,118.2
18041.0,3,16,3084.13,1099.26
18043.0,106,2,451.81,107.7
18044.0,66,7,1105.53,983.07
18048.0,103,2,172.29000000000002,0.0
18050.0,259,1,74.4,0.0
18055.0,28,7,3672.86,3111.33
18056.0,188,1,363.65,0.0
18061.0,7,8,1793.51,325.9
18062.0,73,3,720.52,0.0
18064.0,33,2,814.0,0.0
18065.0,83,8,1412.15,980.6800000000001
18068.0,189,1,101.69999999999999,0.0
18069.0,80,3,993.87,1042.8
18071.0,157,2,453.0,0.0
18072.0,85,1,247.44,0.0
18073.0,14,12,3877.5200000000004,0.0
18074.0,273,1,489.6,0.0
18075.0,6,8,1957.75,654.0
18077.0,3,7,1670.94,962.0699999999999
18078.0,117,2,336.13,0.0
18079.0,26,2,2206.18,1445.79
18080.0,142,1,841.4999999999999,390.0
18081.0,12,2,208.05,135.4
18085.0,230,2,689.95,0.0
18086.0,174,1,101.34,0.0
18087.0,190,1,3202.9199999999996,852.8
18092.0,19,8,5851.48,3216.7799999999997
18093.0,20,3,2016.88,89.64
18094.0,36,5,2402.3,615.0
18095.0,212,2,580.0500000000001,0.0
18097.0,26,5,2011.4,686.4
18099.0,27,1,168.31,0.0
18101.0,43,1,110.23,113.42
18102.0,26,26,130537.23,129120.07
18106.0,229,1,430.7,0.0
18108.0,154,1,271.0,0.0
18109.0,10,17,4457.27,3595.7
18112.0,66,1,196.64,156.05
18113.0,268,1,76.32000000000001,0.0
18114.0,190,1,220.1,0.0
18116.0,134,7,1254.47,163.56
18118.0,47,18,4080.26,1573.56
18119.0,267,1,181.12,0.0
18120.0,114,1,111.15,0.0
18121.0,49,2,673.1,0.0
18122.0,50,1,119.19,1707.02
18125.0,101,3,945.14,197.85
18127.0,33,1,139.6,209.13
18129.0,143,1,112.55000000000001,0.0
18133.0,112,1,931.4999999999999,0.0
18135.0,90,1,109.82000000000001,572.09
18136.0,111,2,600.85,183.48000000000002
18138.0,195,1,152.65,0.0
18142.0,57,2,1019.52,0.0
18143.0,16,2,1000.16,0.0
18144.0,9,9,2165.55,723.2
18145.0,104,2,1023.78,1837.77
18146.0,40,2,160.35000000000002,0.0
18147.0,8,1,98.88,80.46
18149.0,115,2,549.68,62.400000000000006
18150.0,40,2,413.28,153.3
18151.0,34,2,653.35,0.0
18155.0,70,2,266.56,105.06
18156.0,269,1,206.23000000000002,528.71
18159.0,201,1,530.15,0.0
18160.0,100,1,318.55,319.51
18161.0,40,3,771.26,847.4300000000001
18165.0,77,1,302.46000000000004,0.0
18167.0,5,1,498.48,886.3800000000001
18168.0,76,6,1169.94,0.0
18170.0,12,2,655.51,324.8
18171.0,62,3,684.4200000000001,546.89
18172.0,27,10,5329.32,2232.36
18173.0,99,3,1728.8400000000001,378.0
18176.0,258,1,476.35,0.0
18177.0,57,5,1037.82,303.6
18178.0,28,4,1590.81,0.0
18179.0,152,4,1103.16,690.01
18180.0,36,2,601.85,1241.9
18183.0,127,2,632.07,0.0
18185.0,149,1,304.25,0.0
18188.0,190,1,426.6,1574.44
18189.0,167,1,633.1,457.14
18190.0,92,2,284.46000000000004,0.0
18191.0,161,1,207.79999999999998,0.0
18193.0,65,1,243.76,0.0
18196.0,190,1,450.78,238.35
18198.0,0,14,4427.39,998.1700000000001
18200.0,6,1,163.8,0.0
18202.0,99,3,1396.99,0.0
18203.0,57,1,160.42000000000002,0.0
18204.0,9,2,1367.32,626.38
18210.0,167,1,142.4,2478.98
18211.0,36,2,268.7,331.37
18212.0,226,1,248.42,0.0
18213.0,136,1,232.48000000000002,0.0
18218.0,111,2,662.08,0.0
18219.0,49,8,1367.13,702.64
18220.0,126,1,305.28000000000003,0.0
18221.0,15,3,706.86,334.75
18223.0,43,10,3604.61,2879.9300000000003
18224.0,163,1,158.95000000000002,0.0
18225.0,13,7,2730.78,2778.34
18226.0,20,9,4251.03,977.02
18227.0,117,1,93.75,0.0
18229.0,10,13,4864.06,2412.84
18230.0,73,4,1643.2800000000002,1166.92
18231.0,92,5,2083.27,0.0
18232.0,57,3,500.62,92.35000000000001
18233.0,225,1,440.0,0.0
18235.0,20,2,749.8,1046.68
18236.0,29,4,641.19,241.05
18237.0,19,2,566.59,420.51
18239.0,118,5,1561.6100000000001,0.0
18241.0,6,10,1205.78,867.3100000000001
18242.0,96,2,694.08,1538.41
18245.0,49,6,1672.81,894.25
18246.0,133,1,232.9,363.2
18248.0,22,2,804.02,0.0
18250.0,210,1,349.27,0.0
18252.0,71,1,69.89999999999999,456.77
18257.0,14,5,1562.8700000000001,774.76
18259.0,266,1,376.30000000000007,1962.3000000000002
18260.0,72,6,2643.2000000000003,0.0
18262.0,40,1,149.48,0.0
18263.0,55,2,811.4,401.76
18265.0,58,1,488.55,312.96
18268.0,34,1,25.5,0.0
18269.0,266,1,168.6,0.0
18270.0,166,1,111.95,171.20000000000002
18272.0,13,4,2106.45,972.13
18273.0,157,1,51.0,153.0
18280.0,177,1,180.60000000000002,0.0
18281.0,80,1,80.82,0.0
18282.0,26,1,100.21000000000001,77.84
18283.0,48,9,985.77,1109.11
18287.0,101,1,765.28,1072.0
